t_Gyr a(t)
0.01 1.0007
0.02 1.0014
0.03 1.0021
0.04 1.0028
0.05 1.0035
0.06 1.0042
0.07 1.00489
0.08 1.00559
0.09 1.00629
0.1 1.00699
0.11 1.00768
0.12 1.00838
0.13 1.00908
0.14 1.00977
0.15 1.01047
0.16 1.01116
0.17 1.01186
0.18 1.01256
0.19 1.01325
0.2 1.01394
0.21 1.01464
0.22 1.01533
0.23 1.01603
0.24 1.01672
0.25 1.01741
0.26 1.01811
0.27 1.0188
0.28 1.01949
0.29 1.02018
0.3 1.02087
0.31 1.02157
0.32 1.02226
0.33 1.02295
0.34 1.02364
0.35 1.02433
0.36 1.02502
0.37 1.02571
0.38 1.0264
0.39 1.02709
0.4 1.02777
0.41 1.02846
0.42 1.02915
0.43 1.02984
0.44 1.03053
0.45 1.03121
0.46 1.0319
0.47 1.03259
0.48 1.03328
0.49 1.03396
0.5 1.03465
0.51 1.03533
0.52 1.03602
0.53 1.0367
0.54 1.03739
0.55 1.03807
0.56 1.03876
0.57 1.03944
0.58 1.04013
0.59 1.04081
0.6 1.04149
0.61 1.04218
0.62 1.04286
0.63 1.04354
0.64 1.04422
0.65 1.04491
0.66 1.04559
0.67 1.04627
0.68 1.04695
0.69 1.04763
0.7 1.04831
0.71 1.04899
0.72 1.04967
0.73 1.05035
0.74 1.05103
0.75 1.05171
0.76 1.05239
0.77 1.05307
0.78 1.05375
0.79 1.05443
0.8 1.0551
0.81 1.05578
0.82 1.05646
0.83 1.05714
0.84 1.05781
0.85 1.05849
0.86 1.05917
0.87 1.05984
0.88 1.06052
0.89 1.06119
0.9 1.06187
0.91 1.06254
0.92 1.06322
0.93 1.06389
0.94 1.06457
0.95 1.06524
0.96 1.06592
0.97 1.06659
0.98 1.06726
0.99 1.06794
1 1.06861
1.01 1.06928
1.02 1.06995
1.03 1.07062
1.04 1.0713
1.05 1.07197
1.06 1.07264
1.07 1.07331
1.08 1.07398
1.09 1.07465
1.1 1.07532
1.11 1.07599
1.12 1.07666
1.13 1.07733
1.14 1.078
1.15 1.07867
1.16 1.07934
1.17 1.08001
1.18 1.08067
1.19 1.08134
1.2 1.08201
1.21 1.08268
1.22 1.08334
1.23 1.08401
1.24 1.08468
1.25 1.08534
1.26 1.08601
1.27 1.08668
1.28 1.08734
1.29 1.08801
1.3 1.08867
1.31 1.08934
1.32 1.09
1.33 1.09067
1.34 1.09133
1.35 1.09199
1.36 1.09266
1.37 1.09332
1.38 1.09398
1.39 1.09465
1.4 1.09531
1.41 1.09597
1.42 1.09663
1.43 1.0973
1.44 1.09796
1.45 1.09862
1.46 1.09928
1.47 1.09994
1.48 1.1006
1.49 1.10126
1.5 1.10192
1.51 1.10258
1.52 1.10324
1.53 1.1039
1.54 1.10456
1.55 1.10522
1.56 1.10588
1.57 1.10654
1.58 1.1072
1.59 1.10786
1.6 1.10851
1.61 1.10917
1.62 1.10983
1.63 1.11049
1.64 1.11114
1.65 1.1118
1.66 1.11245
1.67 1.11311
1.68 1.11377
1.69 1.11442
1.7 1.11508
1.71 1.11573
1.72 1.11639
1.73 1.11704
1.74 1.1177
1.75 1.11835
1.76 1.11901
1.77 1.11966
1.78 1.12031
1.79 1.12097
1.8 1.12162
1.81 1.12227
1.82 1.12293
1.83 1.12358
1.84 1.12423
1.85 1.12488
1.86 1.12553
1.87 1.12619
1.88 1.12684
1.89 1.12749
1.9 1.12814
1.91 1.12879
1.92 1.12944
1.93 1.13009
1.94 1.13074
1.95 1.13139
1.96 1.13204
1.97 1.13269
1.98 1.13334
1.99 1.13398
2 1.13463
2.01 1.13528
2.02 1.13593
2.03 1.13658
2.04 1.13722
2.05 1.13787
2.06 1.13852
2.07 1.13917
2.08 1.13981
2.09 1.14046
2.1 1.14111
2.11 1.14175
2.12 1.1424
2.13 1.14304
2.14 1.14369
2.15 1.14433
2.16 1.14498
2.17 1.14562
2.18 1.14627
2.19 1.14691
2.2 1.14756
2.21 1.1482
2.22 1.14884
2.23 1.14949
2.24 1.15013
2.25 1.15077
2.26 1.15141
2.27 1.15206
2.28 1.1527
2.29 1.15334
2.3 1.15398
2.31 1.15462
2.32 1.15527
2.33 1.15591
2.34 1.15655
2.35 1.15719
2.36 1.15783
2.37 1.15847
2.38 1.15911
2.39 1.15975
2.4 1.16039
2.41 1.16103
2.42 1.16167
2.43 1.16231
2.44 1.16294
2.45 1.16358
2.46 1.16422
2.47 1.16486
2.48 1.1655
2.49 1.16613
2.5 1.16677
2.51 1.16741
2.52 1.16805
2.53 1.16868
2.54 1.16932
2.55 1.16995
2.56 1.17059
2.57 1.17123
2.58 1.17186
2.59 1.1725
2.6 1.17313
2.61 1.17377
2.62 1.1744
2.63 1.17504
2.64 1.17567
2.65 1.17631
2.66 1.17694
2.67 1.17757
2.68 1.17821
2.69 1.17884
2.7 1.17947
2.71 1.18011
2.72 1.18074
2.73 1.18137
2.74 1.182
2.75 1.18264
2.76 1.18327
2.77 1.1839
2.78 1.18453
2.79 1.18516
2.8 1.18579
2.81 1.18642
2.82 1.18705
2.83 1.18768
2.84 1.18831
2.85 1.18894
2.86 1.18957
2.87 1.1902
2.88 1.19083
2.89 1.19146
2.9 1.19209
2.91 1.19272
2.92 1.19335
2.93 1.19398
2.94 1.1946
2.95 1.19523
2.96 1.19586
2.97 1.19649
2.98 1.19711
2.99 1.19774
3 1.19837
3.01 1.199
3.02 1.19962
3.03 1.20025
3.04 1.20087
3.05 1.2015
3.06 1.20213
3.07 1.20275
3.08 1.20338
3.09 1.204
3.1 1.20463
3.11 1.20525
3.12 1.20587
3.13 1.2065
3.14 1.20712
3.15 1.20775
3.16 1.20837
3.17 1.20899
3.18 1.20962
3.19 1.21024
3.2 1.21086
3.21 1.21149
3.22 1.21211
3.23 1.21273
3.24 1.21335
3.25 1.21397
3.26 1.21459
3.27 1.21522
3.28 1.21584
3.29 1.21646
3.3 1.21708
3.31 1.2177
3.32 1.21832
3.33 1.21894
3.34 1.21956
3.35 1.22018
3.36 1.2208
3.37 1.22142
3.38 1.22204
3.39 1.22266
3.4 1.22328
3.41 1.22389
3.42 1.22451
3.43 1.22513
3.44 1.22575
3.45 1.22637
3.46 1.22698
3.47 1.2276
3.48 1.22822
3.49 1.22884
3.5 1.22945
3.51 1.23007
3.52 1.23069
3.53 1.2313
3.54 1.23192
3.55 1.23253
3.56 1.23315
3.57 1.23377
3.58 1.23438
3.59 1.235
3.6 1.23561
3.61 1.23623
3.62 1.23684
3.63 1.23745
3.64 1.23807
3.65 1.23868
3.66 1.2393
3.67 1.23991
3.68 1.24052
3.69 1.24114
3.7 1.24175
3.71 1.24236
3.72 1.24298
3.73 1.24359
3.74 1.2442
3.75 1.24481
3.76 1.24542
3.77 1.24604
3.78 1.24665
3.79 1.24726
3.8 1.24787
3.81 1.24848
3.82 1.24909
3.83 1.2497
3.84 1.25031
3.85 1.25092
3.86 1.25153
3.87 1.25214
3.88 1.25275
3.89 1.25336
3.9 1.25397
3.91 1.25458
3.92 1.25519
3.93 1.2558
3.94 1.2564
3.95 1.25701
3.96 1.25762
3.97 1.25823
3.98 1.25884
3.99 1.25944
4 1.26005
4.01 1.26066
4.02 1.26127
4.03 1.26187
4.04 1.26248
4.05 1.26309
4.06 1.26369
4.07 1.2643
4.08 1.2649
4.09 1.26551
4.1 1.26611
4.11 1.26672
4.12 1.26733
4.13 1.26793
4.14 1.26854
4.15 1.26914
4.16 1.26974
4.17 1.27035
4.18 1.27095
4.19 1.27156
4.2 1.27216
4.21 1.27276
4.22 1.27337
4.23 1.27397
4.24 1.27457
4.25 1.27518
4.26 1.27578
4.27 1.27638
4.28 1.27698
4.29 1.27758
4.3 1.27819
4.31 1.27879
4.32 1.27939
4.33 1.27999
4.34 1.28059
4.35 1.28119
4.36 1.28179
4.37 1.28239
4.38 1.283
4.39 1.2836
4.4 1.2842
4.41 1.2848
4.42 1.2854
4.43 1.28599
4.44 1.28659
4.45 1.28719
4.46 1.28779
4.47 1.28839
4.48 1.28899
4.49 1.28959
4.5 1.29019
4.51 1.29078
4.52 1.29138
4.53 1.29198
4.54 1.29258
4.55 1.29318
4.56 1.29377
4.57 1.29437
4.58 1.29497
4.59 1.29556
4.6 1.29616
4.61 1.29676
4.62 1.29735
4.63 1.29795
4.64 1.29854
4.65 1.29914
4.66 1.29974
4.67 1.30033
4.68 1.30093
4.69 1.30152
4.7 1.30212
4.71 1.30271
4.72 1.3033
4.73 1.3039
4.74 1.30449
4.75 1.30509
4.76 1.30568
4.77 1.30627
4.78 1.30687
4.79 1.30746
4.8 1.30805
4.81 1.30865
4.82 1.30924
4.83 1.30983
4.84 1.31042
4.85 1.31102
4.86 1.31161
4.87 1.3122
4.88 1.31279
4.89 1.31338
4.9 1.31398
4.91 1.31457
4.92 1.31516
4.93 1.31575
4.94 1.31634
4.95 1.31693
4.96 1.31752
4.97 1.31811
4.98 1.3187
4.99 1.31929
5 1.31988
5.01 1.32047
5.02 1.32106
5.03 1.32165
5.04 1.32224
5.05 1.32283
5.06 1.32341
5.07 1.324
5.08 1.32459
5.09 1.32518
5.1 1.32577
5.11 1.32635
5.12 1.32694
5.13 1.32753
5.14 1.32812
5.15 1.3287
5.16 1.32929
5.17 1.32988
5.18 1.33046
5.19 1.33105
5.2 1.33164
5.21 1.33222
5.22 1.33281
5.23 1.3334
5.24 1.33398
5.25 1.33457
5.26 1.33515
5.27 1.33574
5.28 1.33632
5.29 1.33691
5.3 1.33749
5.31 1.33808
5.32 1.33866
5.33 1.33924
5.34 1.33983
5.35 1.34041
5.36 1.341
5.37 1.34158
5.38 1.34216
5.39 1.34275
5.4 1.34333
5.41 1.34391
5.42 1.34449
5.43 1.34508
5.44 1.34566
5.45 1.34624
5.46 1.34682
5.47 1.34741
5.48 1.34799
5.49 1.34857
5.5 1.34915
5.51 1.34973
5.52 1.35031
5.53 1.35089
5.54 1.35147
5.55 1.35205
5.56 1.35263
5.57 1.35322
5.58 1.3538
5.59 1.35438
5.6 1.35496
5.61 1.35553
5.62 1.35611
5.63 1.35669
5.64 1.35727
5.65 1.35785
5.66 1.35843
5.67 1.35901
5.68 1.35959
5.69 1.36017
5.7 1.36074
5.71 1.36132
5.72 1.3619
5.73 1.36248
5.74 1.36306
5.75 1.36363
5.76 1.36421
5.77 1.36479
5.78 1.36536
5.79 1.36594
5.8 1.36652
5.81 1.36709
5.82 1.36767
5.83 1.36825
5.84 1.36882
5.85 1.3694
5.86 1.36997
5.87 1.37055
5.88 1.37112
5.89 1.3717
5.9 1.37227
5.91 1.37285
5.92 1.37342
5.93 1.374
5.94 1.37457
5.95 1.37515
5.96 1.37572
5.97 1.3763
5.98 1.37687
5.99 1.37744
6 1.37802
6.01 1.37859
6.02 1.37916
6.03 1.37974
6.04 1.38031
6.05 1.38088
6.06 1.38145
6.07 1.38203
6.08 1.3826
6.09 1.38317
6.1 1.38374
6.11 1.38431
6.12 1.38489
6.13 1.38546
6.14 1.38603
6.15 1.3866
6.16 1.38717
6.17 1.38774
6.18 1.38831
6.19 1.38888
6.2 1.38945
6.21 1.39002
6.22 1.39059
6.23 1.39116
6.24 1.39173
6.25 1.3923
6.26 1.39287
6.27 1.39344
6.28 1.39401
6.29 1.39458
6.3 1.39515
6.31 1.39572
6.32 1.39629
6.33 1.39686
6.34 1.39742
6.35 1.39799
6.36 1.39856
6.37 1.39913
6.38 1.39969
6.39 1.40026
6.4 1.40083
6.41 1.4014
6.42 1.40196
6.43 1.40253
6.44 1.4031
6.45 1.40366
6.46 1.40423
6.47 1.4048
6.48 1.40536
6.49 1.40593
6.5 1.4065
6.51 1.40706
6.52 1.40763
6.53 1.40819
6.54 1.40876
6.55 1.40932
6.56 1.40989
6.57 1.41045
6.58 1.41102
6.59 1.41158
6.6 1.41215
6.61 1.41271
6.62 1.41327
6.63 1.41384
6.64 1.4144
6.65 1.41497
6.66 1.41553
6.67 1.41609
6.68 1.41666
6.69 1.41722
6.7 1.41778
6.71 1.41834
6.72 1.41891
6.73 1.41947
6.74 1.42003
6.75 1.42059
6.76 1.42116
6.77 1.42172
6.78 1.42228
6.79 1.42284
6.8 1.4234
6.81 1.42396
6.82 1.42453
6.83 1.42509
6.84 1.42565
6.85 1.42621
6.86 1.42677
6.87 1.42733
6.88 1.42789
6.89 1.42845
6.9 1.42901
6.91 1.42957
6.92 1.43013
6.93 1.43069
6.94 1.43125
6.95 1.43181
6.96 1.43237
6.97 1.43293
6.98 1.43349
6.99 1.43404
7 1.4346
7.01 1.43516
7.02 1.43572
7.03 1.43628
7.04 1.43684
7.05 1.43739
7.06 1.43795
7.07 1.43851
7.08 1.43907
7.09 1.43962
7.1 1.44018
7.11 1.44074
7.12 1.44129
7.13 1.44185
7.14 1.44241
7.15 1.44296
7.16 1.44352
7.17 1.44408
7.18 1.44463
7.19 1.44519
7.2 1.44574
7.21 1.4463
7.22 1.44686
7.23 1.44741
7.24 1.44797
7.25 1.44852
7.26 1.44908
7.27 1.44963
7.28 1.45019
7.29 1.45074
7.3 1.45129
7.31 1.45185
7.32 1.4524
7.33 1.45296
7.34 1.45351
7.35 1.45406
7.36 1.45462
7.37 1.45517
7.38 1.45572
7.39 1.45628
7.4 1.45683
7.41 1.45738
7.42 1.45794
7.43 1.45849
7.44 1.45904
7.45 1.45959
7.46 1.46015
7.47 1.4607
7.48 1.46125
7.49 1.4618
7.5 1.46235
7.51 1.4629
7.52 1.46346
7.53 1.46401
7.54 1.46456
7.55 1.46511
7.56 1.46566
7.57 1.46621
7.58 1.46676
7.59 1.46731
7.6 1.46786
7.61 1.46841
7.62 1.46896
7.63 1.46951
7.64 1.47006
7.65 1.47061
7.66 1.47116
7.67 1.47171
7.68 1.47226
7.69 1.47281
7.7 1.47336
7.71 1.4739
7.72 1.47445
7.73 1.475
7.74 1.47555
7.75 1.4761
7.76 1.47665
7.77 1.47719
7.78 1.47774
7.79 1.47829
7.8 1.47884
7.81 1.47938
7.82 1.47993
7.83 1.48048
7.84 1.48103
7.85 1.48157
7.86 1.48212
7.87 1.48267
7.88 1.48321
7.89 1.48376
7.9 1.4843
7.91 1.48485
7.92 1.4854
7.93 1.48594
7.94 1.48649
7.95 1.48703
7.96 1.48758
7.97 1.48812
7.98 1.48867
7.99 1.48921
8 1.48976
8.01 1.4903
8.02 1.49085
8.03 1.49139
8.04 1.49194
8.05 1.49248
8.06 1.49302
8.07 1.49357
8.08 1.49411
8.09 1.49466
8.1 1.4952
8.11 1.49574
8.12 1.49629
8.13 1.49683
8.14 1.49737
8.15 1.49792
8.16 1.49846
8.17 1.499
8.18 1.49954
8.19 1.50009
8.2 1.50063
8.21 1.50117
8.22 1.50171
8.23 1.50225
8.24 1.50279
8.25 1.50334
8.26 1.50388
8.27 1.50442
8.28 1.50496
8.29 1.5055
8.3 1.50604
8.31 1.50658
8.32 1.50712
8.33 1.50766
8.34 1.5082
8.35 1.50874
8.36 1.50928
8.37 1.50982
8.38 1.51036
8.39 1.5109
8.4 1.51144
8.41 1.51198
8.42 1.51252
8.43 1.51306
8.44 1.5136
8.45 1.51414
8.46 1.51468
8.47 1.51522
8.48 1.51576
8.49 1.51629
8.5 1.51683
8.51 1.51737
8.52 1.51791
8.53 1.51845
8.54 1.51898
8.55 1.51952
8.56 1.52006
8.57 1.5206
8.58 1.52113
8.59 1.52167
8.6 1.52221
8.61 1.52275
8.62 1.52328
8.63 1.52382
8.64 1.52436
8.65 1.52489
8.66 1.52543
8.67 1.52596
8.68 1.5265
8.69 1.52704
8.7 1.52757
8.71 1.52811
8.72 1.52864
8.73 1.52918
8.74 1.52971
8.75 1.53025
8.76 1.53078
8.77 1.53132
8.78 1.53185
8.79 1.53239
8.8 1.53292
8.81 1.53346
8.82 1.53399
8.83 1.53453
8.84 1.53506
8.85 1.53559
8.86 1.53613
8.87 1.53666
8.88 1.5372
8.89 1.53773
8.9 1.53826
8.91 1.53879
8.92 1.53933
8.93 1.53986
8.94 1.54039
8.95 1.54093
8.96 1.54146
8.97 1.54199
8.98 1.54252
8.99 1.54306
9 1.54359
9.01 1.54412
9.02 1.54465
9.03 1.54518
9.04 1.54571
9.05 1.54625
9.06 1.54678
9.07 1.54731
9.08 1.54784
9.09 1.54837
9.1 1.5489
9.11 1.54943
9.12 1.54996
9.13 1.55049
9.14 1.55102
9.15 1.55155
9.16 1.55208
9.17 1.55261
9.18 1.55314
9.19 1.55367
9.2 1.5542
9.21 1.55473
9.22 1.55526
9.23 1.55579
9.24 1.55632
9.25 1.55685
9.26 1.55738
9.27 1.55791
9.28 1.55843
9.29 1.55896
9.3 1.55949
9.31 1.56002
9.32 1.56055
9.33 1.56108
9.34 1.5616
9.35 1.56213
9.36 1.56266
9.37 1.56319
9.38 1.56371
9.39 1.56424
9.4 1.56477
9.41 1.5653
9.42 1.56582
9.43 1.56635
9.44 1.56688
9.45 1.5674
9.46 1.56793
9.47 1.56846
9.48 1.56898
9.49 1.56951
9.5 1.57003
9.51 1.57056
9.52 1.57109
9.53 1.57161
9.54 1.57214
9.55 1.57266
9.56 1.57319
9.57 1.57371
9.58 1.57424
9.59 1.57476
9.6 1.57529
9.61 1.57581
9.62 1.57634
9.63 1.57686
9.64 1.57738
9.65 1.57791
9.66 1.57843
9.67 1.57896
9.68 1.57948
9.69 1.58
9.7 1.58053
9.71 1.58105
9.72 1.58158
9.73 1.5821
9.74 1.58262
9.75 1.58314
9.76 1.58367
9.77 1.58419
9.78 1.58471
9.79 1.58524
9.8 1.58576
9.81 1.58628
9.82 1.5868
9.83 1.58732
9.84 1.58785
9.85 1.58837
9.86 1.58889
9.87 1.58941
9.88 1.58993
9.89 1.59045
9.9 1.59098
9.91 1.5915
9.92 1.59202
9.93 1.59254
9.94 1.59306
9.95 1.59358
9.96 1.5941
9.97 1.59462
9.98 1.59514
9.99 1.59566
10 1.59618
10.01 1.5967
10.02 1.59722
10.03 1.59774
10.04 1.59826
10.05 1.59878
10.06 1.5993
10.07 1.59982
10.08 1.60034
10.09 1.60086
10.1 1.60138
10.11 1.6019
10.12 1.60241
10.13 1.60293
10.14 1.60345
10.15 1.60397
10.16 1.60449
10.17 1.60501
10.18 1.60552
10.19 1.60604
10.2 1.60656
10.21 1.60708
10.22 1.60759
10.23 1.60811
10.24 1.60863
10.25 1.60915
10.26 1.60966
10.27 1.61018
10.28 1.6107
10.29 1.61121
10.3 1.61173
10.31 1.61225
10.32 1.61276
10.33 1.61328
10.34 1.6138
10.35 1.61431
10.36 1.61483
10.37 1.61534
10.38 1.61586
10.39 1.61638
10.4 1.61689
10.41 1.61741
10.42 1.61792
10.43 1.61844
10.44 1.61895
10.45 1.61947
10.46 1.61998
10.47 1.6205
10.48 1.62101
10.49 1.62153
10.5 1.62204
10.51 1.62256
10.52 1.62307
10.53 1.62358
10.54 1.6241
10.55 1.62461
10.56 1.62512
10.57 1.62564
10.58 1.62615
10.59 1.62667
10.6 1.62718
10.61 1.62769
10.62 1.62821
10.63 1.62872
10.64 1.62923
10.65 1.62974
10.66 1.63026
10.67 1.63077
10.68 1.63128
10.69 1.63179
10.7 1.63231
10.71 1.63282
10.72 1.63333
10.73 1.63384
10.74 1.63435
10.75 1.63486
10.76 1.63538
10.77 1.63589
10.78 1.6364
10.79 1.63691
10.8 1.63742
10.81 1.63793
10.82 1.63844
10.83 1.63895
10.84 1.63946
10.85 1.63998
10.86 1.64049
10.87 1.641
10.88 1.64151
10.89 1.64202
10.9 1.64253
10.91 1.64304
10.92 1.64355
10.93 1.64406
10.94 1.64457
10.95 1.64507
10.96 1.64558
10.97 1.64609
10.98 1.6466
10.99 1.64711
11 1.64762
11.01 1.64813
11.02 1.64864
11.03 1.64915
11.04 1.64965
11.05 1.65016
11.06 1.65067
11.07 1.65118
11.08 1.65169
11.09 1.6522
11.1 1.6527
11.11 1.65321
11.12 1.65372
11.13 1.65423
11.14 1.65473
11.15 1.65524
11.16 1.65575
11.17 1.65626
11.18 1.65676
11.19 1.65727
11.2 1.65778
11.21 1.65828
11.22 1.65879
11.23 1.6593
11.24 1.6598
11.25 1.66031
11.26 1.66081
11.27 1.66132
11.28 1.66183
11.29 1.66233
11.3 1.66284
11.31 1.66334
11.32 1.66385
11.33 1.66435
11.34 1.66486
11.35 1.66536
11.36 1.66587
11.37 1.66637
11.38 1.66688
11.39 1.66738
11.4 1.66789
11.41 1.66839
11.42 1.6689
11.43 1.6694
11.44 1.66991
11.45 1.67041
11.46 1.67091
11.47 1.67142
11.48 1.67192
11.49 1.67243
11.5 1.67293
11.51 1.67343
11.52 1.67394
11.53 1.67444
11.54 1.67494
11.55 1.67545
11.56 1.67595
11.57 1.67645
11.58 1.67695
11.59 1.67746
11.6 1.67796
11.61 1.67846
11.62 1.67896
11.63 1.67947
11.64 1.67997
11.65 1.68047
11.66 1.68097
11.67 1.68147
11.68 1.68198
11.69 1.68248
11.7 1.68298
11.71 1.68348
11.72 1.68398
11.73 1.68448
11.74 1.68498
11.75 1.68548
11.76 1.68599
11.77 1.68649
11.78 1.68699
11.79 1.68749
11.8 1.68799
11.81 1.68849
11.82 1.68899
11.83 1.68949
11.84 1.68999
11.85 1.69049
11.86 1.69099
11.87 1.69149
11.88 1.69199
11.89 1.69249
11.9 1.69299
11.91 1.69349
11.92 1.69398
11.93 1.69448
11.94 1.69498
11.95 1.69548
11.96 1.69598
11.97 1.69648
11.98 1.69698
11.99 1.69748
12 1.69797
12.01 1.69847
12.02 1.69897
12.03 1.69947
12.04 1.69997
12.05 1.70047
12.06 1.70096
12.07 1.70146
12.08 1.70196
12.09 1.70246
12.1 1.70295
12.11 1.70345
12.12 1.70395
12.13 1.70444
12.14 1.70494
12.15 1.70544
12.16 1.70594
12.17 1.70643
12.18 1.70693
12.19 1.70743
12.2 1.70792
12.21 1.70842
12.22 1.70891
12.23 1.70941
12.24 1.70991
12.25 1.7104
12.26 1.7109
12.27 1.71139
12.28 1.71189
12.29 1.71238
12.3 1.71288
12.31 1.71337
12.32 1.71387
12.33 1.71437
12.34 1.71486
12.35 1.71535
12.36 1.71585
12.37 1.71634
12.38 1.71684
12.39 1.71733
12.4 1.71783
12.41 1.71832
12.42 1.71882
12.43 1.71931
12.44 1.7198
12.45 1.7203
12.46 1.72079
12.47 1.72129
12.48 1.72178
12.49 1.72227
12.5 1.72277
12.51 1.72326
12.52 1.72375
12.53 1.72425
12.54 1.72474
12.55 1.72523
12.56 1.72572
12.57 1.72622
12.58 1.72671
12.59 1.7272
12.6 1.72769
12.61 1.72819
12.62 1.72868
12.63 1.72917
12.64 1.72966
12.65 1.73015
12.66 1.73065
12.67 1.73114
12.68 1.73163
12.69 1.73212
12.7 1.73261
12.71 1.7331
12.72 1.73359
12.73 1.73409
12.74 1.73458
12.75 1.73507
12.76 1.73556
12.77 1.73605
12.78 1.73654
12.79 1.73703
12.8 1.73752
12.81 1.73801
12.82 1.7385
12.83 1.73899
12.84 1.73948
12.85 1.73997
12.86 1.74046
12.87 1.74095
12.88 1.74144
12.89 1.74193
12.9 1.74242
12.91 1.74291
12.92 1.7434
12.93 1.74389
12.94 1.74438
12.95 1.74487
12.96 1.74535
12.97 1.74584
12.98 1.74633
12.99 1.74682
13 1.74731
13.01 1.7478
13.02 1.74829
13.03 1.74877
13.04 1.74926
13.05 1.74975
13.06 1.75024
13.07 1.75073
13.08 1.75121
13.09 1.7517
13.1 1.75219
13.11 1.75268
13.12 1.75316
13.13 1.75365
13.14 1.75414
13.15 1.75462
13.16 1.75511
13.17 1.7556
13.18 1.75609
13.19 1.75657
13.2 1.75706
13.21 1.75754
13.22 1.75803
13.23 1.75852
13.24 1.759
13.25 1.75949
13.26 1.75998
13.27 1.76046
13.28 1.76095
13.29 1.76143
13.3 1.76192
13.31 1.7624
13.32 1.76289
13.33 1.76338
13.34 1.76386
13.35 1.76435
13.36 1.76483
13.37 1.76532
13.38 1.7658
13.39 1.76628
13.4 1.76677
13.41 1.76725
13.42 1.76774
13.43 1.76822
13.44 1.76871
13.45 1.76919
13.46 1.76968
13.47 1.77016
13.48 1.77064
13.49 1.77113
13.5 1.77161
13.51 1.77209
13.52 1.77258
13.53 1.77306
13.54 1.77355
13.55 1.77403
13.56 1.77451
13.57 1.77499
13.58 1.77548
13.59 1.77596
13.6 1.77644
13.61 1.77693
13.62 1.77741
13.63 1.77789
13.64 1.77837
13.65 1.77886
13.66 1.77934
13.67 1.77982
13.68 1.7803
13.69 1.78078
13.7 1.78127
13.71 1.78175
13.72 1.78223
13.73 1.78271
13.74 1.78319
13.75 1.78367
13.76 1.78416
13.77 1.78464
13.78 1.78512
13.79 1.7856
13.8 1.78608
13.81 1.78656
13.82 1.78704
13.83 1.78752
13.84 1.788
13.85 1.78848
13.86 1.78896
13.87 1.78944
13.88 1.78992
13.89 1.7904
13.9 1.79088
13.91 1.79136
13.92 1.79184
13.93 1.79232
13.94 1.7928
13.95 1.79328
13.96 1.79376
13.97 1.79424
13.98 1.79472
13.99 1.7952
14 1.79568
14.01 1.79616
14.02 1.79664
14.03 1.79712
14.04 1.79759
14.05 1.79807
14.06 1.79855
14.07 1.79903
14.08 1.79951
14.09 1.79999
14.1 1.80047
14.11 1.80094
14.12 1.80142
14.13 1.8019
14.14 1.80238
14.15 1.80285
14.16 1.80333
14.17 1.80381
14.18 1.80429
14.19 1.80476
14.2 1.80524
14.21 1.80572
14.22 1.8062
14.23 1.80667
14.24 1.80715
14.25 1.80763
14.26 1.8081
14.27 1.80858
14.28 1.80906
14.29 1.80953
14.3 1.81001
14.31 1.81049
14.32 1.81096
14.33 1.81144
14.34 1.81191
14.35 1.81239
14.36 1.81287
14.37 1.81334
14.38 1.81382
14.39 1.81429
14.4 1.81477
14.41 1.81524
14.42 1.81572
14.43 1.81619
14.44 1.81667
14.45 1.81715
14.46 1.81762
14.47 1.81809
14.48 1.81857
14.49 1.81904
14.5 1.81952
14.51 1.81999
14.52 1.82047
14.53 1.82094
14.54 1.82142
14.55 1.82189
14.56 1.82236
14.57 1.82284
14.58 1.82331
14.59 1.82379
14.6 1.82426
14.61 1.82473
14.62 1.82521
14.63 1.82568
14.64 1.82615
14.65 1.82663
14.66 1.8271
14.67 1.82757
14.68 1.82805
14.69 1.82852
14.7 1.82899
14.71 1.82947
14.72 1.82994
14.73 1.83041
14.74 1.83088
14.75 1.83136
14.76 1.83183
14.77 1.8323
14.78 1.83277
14.79 1.83324
14.8 1.83372
14.81 1.83419
14.82 1.83466
14.83 1.83513
14.84 1.8356
14.85 1.83607
14.86 1.83655
14.87 1.83702
14.88 1.83749
14.89 1.83796
14.9 1.83843
14.91 1.8389
14.92 1.83937
14.93 1.83984
14.94 1.84031
14.95 1.84078
14.96 1.84126
14.97 1.84173
14.98 1.8422
14.99 1.84267
15 1.84314
15.01 1.84361
15.02 1.84408
15.03 1.84455
15.04 1.84502
15.05 1.84549
15.06 1.84596
15.07 1.84643
15.08 1.8469
15.09 1.84736
15.1 1.84783
15.11 1.8483
15.12 1.84877
15.13 1.84924
15.14 1.84971
15.15 1.85018
15.16 1.85065
15.17 1.85112
15.18 1.85159
15.19 1.85205
15.2 1.85252
15.21 1.85299
15.22 1.85346
15.23 1.85393
15.24 1.8544
15.25 1.85486
15.26 1.85533
15.27 1.8558
15.28 1.85627
15.29 1.85674
15.3 1.8572
15.31 1.85767
15.32 1.85814
15.33 1.85861
15.34 1.85907
15.35 1.85954
15.36 1.86001
15.37 1.86047
15.38 1.86094
15.39 1.86141
15.4 1.86187
15.41 1.86234
15.42 1.86281
15.43 1.86327
15.44 1.86374
15.45 1.86421
15.46 1.86467
15.47 1.86514
15.48 1.86561
15.49 1.86607
15.5 1.86654
15.51 1.867
15.52 1.86747
15.53 1.86794
15.54 1.8684
15.55 1.86887
15.56 1.86933
15.57 1.8698
15.58 1.87026
15.59 1.87073
15.6 1.87119
15.61 1.87166
15.62 1.87212
15.63 1.87259
15.64 1.87305
15.65 1.87352
15.66 1.87398
15.67 1.87445
15.68 1.87491
15.69 1.87537
15.7 1.87584
15.71 1.8763
15.72 1.87677
15.73 1.87723
15.74 1.8777
15.75 1.87816
15.76 1.87862
15.77 1.87909
15.78 1.87955
15.79 1.88001
15.8 1.88048
15.81 1.88094
15.82 1.8814
15.83 1.88187
15.84 1.88233
15.85 1.88279
15.86 1.88326
15.87 1.88372
15.88 1.88418
15.89 1.88464
15.9 1.88511
15.91 1.88557
15.92 1.88603
15.93 1.88649
15.94 1.88696
15.95 1.88742
15.96 1.88788
15.97 1.88834
15.98 1.8888
15.99 1.88927
16 1.88973
16.01 1.89019
16.02 1.89065
16.03 1.89111
16.04 1.89157
16.05 1.89204
16.06 1.8925
16.07 1.89296
16.08 1.89342
16.09 1.89388
16.1 1.89434
16.11 1.8948
16.12 1.89526
16.13 1.89572
16.14 1.89618
16.15 1.89664
16.16 1.89711
16.17 1.89757
16.18 1.89803
16.19 1.89849
16.2 1.89895
16.21 1.89941
16.22 1.89987
16.23 1.90033
16.24 1.90079
16.25 1.90125
16.26 1.90171
16.27 1.90217
16.28 1.90262
16.29 1.90308
16.3 1.90354
16.31 1.904
16.32 1.90446
16.33 1.90492
16.34 1.90538
16.35 1.90584
16.36 1.9063
16.37 1.90676
16.38 1.90721
16.39 1.90767
16.4 1.90813
16.41 1.90859
16.42 1.90905
16.43 1.90951
16.44 1.90997
16.45 1.91042
16.46 1.91088
16.47 1.91134
16.48 1.9118
16.49 1.91225
16.5 1.91271
16.51 1.91317
16.52 1.91363
16.53 1.91409
16.54 1.91454
16.55 1.915
16.56 1.91546
16.57 1.91591
16.58 1.91637
16.59 1.91683
16.6 1.91729
16.61 1.91774
16.62 1.9182
16.63 1.91866
16.64 1.91911
16.65 1.91957
16.66 1.92002
16.67 1.92048
16.68 1.92094
16.69 1.92139
16.7 1.92185
16.71 1.92231
16.72 1.92276
16.73 1.92322
16.74 1.92367
16.75 1.92413
16.76 1.92458
16.77 1.92504
16.78 1.9255
16.79 1.92595
16.8 1.92641
16.81 1.92686
16.82 1.92732
16.83 1.92777
16.84 1.92823
16.85 1.92868
16.86 1.92914
16.87 1.92959
16.88 1.93005
16.89 1.9305
16.9 1.93096
16.91 1.93141
16.92 1.93186
16.93 1.93232
16.94 1.93277
16.95 1.93323
16.96 1.93368
16.97 1.93413
16.98 1.93459
16.99 1.93504
17 1.9355
17.01 1.93595
17.02 1.9364
17.03 1.93686
17.04 1.93731
17.05 1.93776
17.06 1.93822
17.07 1.93867
17.08 1.93912
17.09 1.93958
17.1 1.94003
17.11 1.94048
17.12 1.94093
17.13 1.94139
17.14 1.94184
17.15 1.94229
17.16 1.94274
17.17 1.9432
17.18 1.94365
17.19 1.9441
17.2 1.94455
17.21 1.94501
17.22 1.94546
17.23 1.94591
17.24 1.94636
17.25 1.94681
17.26 1.94727
17.27 1.94772
17.28 1.94817
17.29 1.94862
17.3 1.94907
17.31 1.94952
17.32 1.94997
17.33 1.95043
17.34 1.95088
17.35 1.95133
17.36 1.95178
17.37 1.95223
17.38 1.95268
17.39 1.95313
17.4 1.95358
17.41 1.95403
17.42 1.95448
17.43 1.95493
17.44 1.95538
17.45 1.95583
17.46 1.95628
17.47 1.95673
17.48 1.95718
17.49 1.95763
17.5 1.95808
17.51 1.95853
17.52 1.95898
17.53 1.95943
17.54 1.95988
17.55 1.96033
17.56 1.96078
17.57 1.96123
17.58 1.96168
17.59 1.96213
17.6 1.96258
17.61 1.96303
17.62 1.96348
17.63 1.96392
17.64 1.96437
17.65 1.96482
17.66 1.96527
17.67 1.96572
17.68 1.96617
17.69 1.96662
17.7 1.96706
17.71 1.96751
17.72 1.96796
17.73 1.96841
17.74 1.96886
17.75 1.9693
17.76 1.96975
17.77 1.9702
17.78 1.97065
17.79 1.9711
17.8 1.97154
17.81 1.97199
17.82 1.97244
17.83 1.97289
17.84 1.97333
17.85 1.97378
17.86 1.97423
17.87 1.97467
17.88 1.97512
17.89 1.97557
17.9 1.97601
17.91 1.97646
17.92 1.97691
17.93 1.97735
17.94 1.9778
17.95 1.97825
17.96 1.97869
17.97 1.97914
17.98 1.97959
17.99 1.98003
18 1.98048
18.01 1.98092
18.02 1.98137
18.03 1.98182
18.04 1.98226
18.05 1.98271
18.06 1.98315
18.07 1.9836
18.08 1.98404
18.09 1.98449
18.1 1.98493
18.11 1.98538
18.12 1.98583
18.13 1.98627
18.14 1.98672
18.15 1.98716
18.16 1.98761
18.17 1.98805
18.18 1.98849
18.19 1.98894
18.2 1.98938
18.21 1.98983
18.22 1.99027
18.23 1.99072
18.24 1.99116
18.25 1.99161
18.26 1.99205
18.27 1.99249
18.28 1.99294
18.29 1.99338
18.3 1.99383
18.31 1.99427
18.32 1.99471
18.33 1.99516
18.34 1.9956
18.35 1.99604
18.36 1.99649
18.37 1.99693
18.38 1.99737
18.39 1.99782
18.4 1.99826
18.41 1.9987
18.42 1.99915
18.43 1.99959
18.44 2.00003
18.45 2.00047
18.46 2.00092
18.47 2.00136
18.48 2.0018
18.49 2.00224
18.5 2.00269
18.51 2.00313
18.52 2.00357
18.53 2.00401
18.54 2.00445
18.55 2.0049
18.56 2.00534
18.57 2.00578
18.58 2.00622
18.59 2.00666
18.6 2.00711
18.61 2.00755
18.62 2.00799
18.63 2.00843
18.64 2.00887
18.65 2.00931
18.66 2.00975
18.67 2.01019
18.68 2.01064
18.69 2.01108
18.7 2.01152
18.71 2.01196
18.72 2.0124
18.73 2.01284
18.74 2.01328
18.75 2.01372
18.76 2.01416
18.77 2.0146
18.78 2.01504
18.79 2.01548
18.8 2.01592
18.81 2.01636
18.82 2.0168
18.83 2.01724
18.84 2.01768
18.85 2.01812
18.86 2.01856
18.87 2.019
18.88 2.01944
18.89 2.01988
18.9 2.02032
18.91 2.02076
18.92 2.0212
18.93 2.02164
18.94 2.02208
18.95 2.02252
18.96 2.02296
18.97 2.02339
18.98 2.02383
18.99 2.02427
19 2.02471
19.01 2.02515
19.02 2.02559
19.03 2.02603
19.04 2.02646
19.05 2.0269
19.06 2.02734
19.07 2.02778
19.08 2.02822
19.09 2.02866
19.1 2.02909
19.11 2.02953
19.12 2.02997
19.13 2.03041
19.14 2.03085
19.15 2.03128
19.16 2.03172
19.17 2.03216
19.18 2.0326
19.19 2.03303
19.2 2.03347
19.21 2.03391
19.22 2.03434
19.23 2.03478
19.24 2.03522
19.25 2.03566
19.26 2.03609
19.27 2.03653
19.28 2.03697
19.29 2.0374
19.3 2.03784
19.31 2.03828
19.32 2.03871
19.33 2.03915
19.34 2.03958
19.35 2.04002
19.36 2.04046
19.37 2.04089
19.38 2.04133
19.39 2.04177
19.4 2.0422
19.41 2.04264
19.42 2.04307
19.43 2.04351
19.44 2.04394
19.45 2.04438
19.46 2.04481
19.47 2.04525
19.48 2.04569
19.49 2.04612
19.5 2.04656
19.51 2.04699
19.52 2.04743
19.53 2.04786
19.54 2.0483
19.55 2.04873
19.56 2.04917
19.57 2.0496
19.58 2.05003
19.59 2.05047
19.6 2.0509
19.61 2.05134
19.62 2.05177
19.63 2.05221
19.64 2.05264
19.65 2.05308
19.66 2.05351
19.67 2.05394
19.68 2.05438
19.69 2.05481
19.7 2.05524
19.71 2.05568
19.72 2.05611
19.73 2.05655
19.74 2.05698
19.75 2.05741
19.76 2.05785
19.77 2.05828
19.78 2.05871
19.79 2.05915
19.8 2.05958
19.81 2.06001
19.82 2.06044
19.83 2.06088
19.84 2.06131
19.85 2.06174
19.86 2.06218
19.87 2.06261
19.88 2.06304
19.89 2.06347
19.9 2.06391
19.91 2.06434
19.92 2.06477
19.93 2.0652
19.94 2.06563
19.95 2.06607
19.96 2.0665
19.97 2.06693
19.98 2.06736
19.99 2.06779
20 2.06823
20.01 2.06866
20.02 2.06909
20.03 2.06952
20.04 2.06995
20.05 2.07038
20.06 2.07081
20.07 2.07125
20.08 2.07168
20.09 2.07211
20.1 2.07254
20.11 2.07297
20.12 2.0734
20.13 2.07383
20.14 2.07426
20.15 2.07469
20.16 2.07512
20.17 2.07555
20.18 2.07598
20.19 2.07641
20.2 2.07684
20.21 2.07728
20.22 2.07771
20.23 2.07814
20.24 2.07857
20.25 2.079
20.26 2.07943
20.27 2.07986
20.28 2.08029
20.29 2.08071
20.3 2.08114
20.31 2.08157
20.32 2.082
20.33 2.08243
20.34 2.08286
20.35 2.08329
20.36 2.08372
20.37 2.08415
20.38 2.08458
20.39 2.08501
20.4 2.08544
20.41 2.08587
20.42 2.08629
20.43 2.08672
20.44 2.08715
20.45 2.08758
20.46 2.08801
20.47 2.08844
20.48 2.08887
20.49 2.08929
20.5 2.08972
20.51 2.09015
20.52 2.09058
20.53 2.09101
20.54 2.09144
20.55 2.09186
20.56 2.09229
20.57 2.09272
20.58 2.09315
20.59 2.09357
20.6 2.094
20.61 2.09443
20.62 2.09486
20.63 2.09528
20.64 2.09571
20.65 2.09614
20.66 2.09657
20.67 2.09699
20.68 2.09742
20.69 2.09785
20.7 2.09827
20.71 2.0987
20.72 2.09913
20.73 2.09956
20.74 2.09998
20.75 2.10041
20.76 2.10084
20.77 2.10126
20.78 2.10169
20.79 2.10211
20.8 2.10254
20.81 2.10297
20.82 2.10339
20.83 2.10382
20.84 2.10425
20.85 2.10467
20.86 2.1051
20.87 2.10552
20.88 2.10595
20.89 2.10637
20.9 2.1068
20.91 2.10723
20.92 2.10765
20.93 2.10808
20.94 2.1085
20.95 2.10893
20.96 2.10935
20.97 2.10978
20.98 2.1102
20.99 2.11063
21 2.11105
21.01 2.11148
21.02 2.1119
21.03 2.11233
21.04 2.11275
21.05 2.11318
21.06 2.1136
21.07 2.11403
21.08 2.11445
21.09 2.11487
21.1 2.1153
21.11 2.11572
21.12 2.11615
21.13 2.11657
21.14 2.117
21.15 2.11742
21.16 2.11784
21.17 2.11827
21.18 2.11869
21.19 2.11911
21.2 2.11954
21.21 2.11996
21.22 2.12038
21.23 2.12081
21.24 2.12123
21.25 2.12166
21.26 2.12208
21.27 2.1225
21.28 2.12292
21.29 2.12335
21.3 2.12377
21.31 2.12419
21.32 2.12462
21.33 2.12504
21.34 2.12546
21.35 2.12588
21.36 2.12631
21.37 2.12673
21.38 2.12715
21.39 2.12757
21.4 2.128
21.41 2.12842
21.42 2.12884
21.43 2.12926
21.44 2.12969
21.45 2.13011
21.46 2.13053
21.47 2.13095
21.48 2.13137
21.49 2.1318
21.5 2.13222
21.51 2.13264
21.52 2.13306
21.53 2.13348
21.54 2.1339
21.55 2.13432
21.56 2.13475
21.57 2.13517
21.58 2.13559
21.59 2.13601
21.6 2.13643
21.61 2.13685
21.62 2.13727
21.63 2.13769
21.64 2.13811
21.65 2.13853
21.66 2.13896
21.67 2.13938
21.68 2.1398
21.69 2.14022
21.7 2.14064
21.71 2.14106
21.72 2.14148
21.73 2.1419
21.74 2.14232
21.75 2.14274
21.76 2.14316
21.77 2.14358
21.78 2.144
21.79 2.14442
21.8 2.14484
21.81 2.14526
21.82 2.14568
21.83 2.1461
21.84 2.14652
21.85 2.14694
21.86 2.14735
21.87 2.14777
21.88 2.14819
21.89 2.14861
21.9 2.14903
21.91 2.14945
21.92 2.14987
21.93 2.15029
21.94 2.15071
21.95 2.15113
21.96 2.15155
21.97 2.15196
21.98 2.15238
21.99 2.1528
22 2.15322
22.01 2.15364
22.02 2.15406
22.03 2.15447
22.04 2.15489
22.05 2.15531
22.06 2.15573
22.07 2.15615
22.08 2.15657
22.09 2.15698
22.1 2.1574
22.11 2.15782
22.12 2.15824
22.13 2.15865
22.14 2.15907
22.15 2.15949
22.16 2.15991
22.17 2.16032
22.18 2.16074
22.19 2.16116
22.2 2.16158
22.21 2.16199
22.22 2.16241
22.23 2.16283
22.24 2.16324
22.25 2.16366
22.26 2.16408
22.27 2.16449
22.28 2.16491
22.29 2.16533
22.3 2.16574
22.31 2.16616
22.32 2.16658
22.33 2.16699
22.34 2.16741
22.35 2.16783
22.36 2.16824
22.37 2.16866
22.38 2.16908
22.39 2.16949
22.4 2.16991
22.41 2.17032
22.42 2.17074
22.43 2.17115
22.44 2.17157
22.45 2.17199
22.46 2.1724
22.47 2.17282
22.48 2.17323
22.49 2.17365
22.5 2.17406
22.51 2.17448
22.52 2.17489
22.53 2.17531
22.54 2.17572
22.55 2.17614
22.56 2.17655
22.57 2.17697
22.58 2.17738
22.59 2.1778
22.6 2.17821
22.61 2.17863
22.62 2.17904
22.63 2.17946
22.64 2.17987
22.65 2.18029
22.66 2.1807
22.67 2.18111
22.68 2.18153
22.69 2.18194
22.7 2.18236
22.71 2.18277
22.72 2.18319
22.73 2.1836
22.74 2.18401
22.75 2.18443
22.76 2.18484
22.77 2.18525
22.78 2.18567
22.79 2.18608
22.8 2.1865
22.81 2.18691
22.82 2.18732
22.83 2.18774
22.84 2.18815
22.85 2.18856
22.86 2.18897
22.87 2.18939
22.88 2.1898
22.89 2.19021
22.9 2.19063
22.91 2.19104
22.92 2.19145
22.93 2.19186
22.94 2.19228
22.95 2.19269
22.96 2.1931
22.97 2.19352
22.98 2.19393
22.99 2.19434
23 2.19475
23.01 2.19516
23.02 2.19558
23.03 2.19599
23.04 2.1964
23.05 2.19681
23.06 2.19722
23.07 2.19764
23.08 2.19805
23.09 2.19846
23.1 2.19887
23.11 2.19928
23.12 2.19969
23.13 2.20011
23.14 2.20052
23.15 2.20093
23.16 2.20134
23.17 2.20175
23.18 2.20216
23.19 2.20257
23.2 2.20298
23.21 2.2034
23.22 2.20381
23.23 2.20422
23.24 2.20463
23.25 2.20504
23.26 2.20545
23.27 2.20586
23.28 2.20627
23.29 2.20668
23.3 2.20709
23.31 2.2075
23.32 2.20791
23.33 2.20832
23.34 2.20873
23.35 2.20914
23.36 2.20955
23.37 2.20996
23.38 2.21037
23.39 2.21078
23.4 2.21119
23.41 2.2116
23.42 2.21201
23.43 2.21242
23.44 2.21283
23.45 2.21324
23.46 2.21365
23.47 2.21406
23.48 2.21447
23.49 2.21488
23.5 2.21529
23.51 2.2157
23.52 2.21611
23.53 2.21652
23.54 2.21692
23.55 2.21733
23.56 2.21774
23.57 2.21815
23.58 2.21856
23.59 2.21897
23.6 2.21938
23.61 2.21979
23.62 2.22019
23.63 2.2206
23.64 2.22101
23.65 2.22142
23.66 2.22183
23.67 2.22224
23.68 2.22264
23.69 2.22305
23.7 2.22346
23.71 2.22387
23.72 2.22428
23.73 2.22468
23.74 2.22509
23.75 2.2255
23.76 2.22591
23.77 2.22631
23.78 2.22672
23.79 2.22713
23.8 2.22754
23.81 2.22794
23.82 2.22835
23.83 2.22876
23.84 2.22917
23.85 2.22957
23.86 2.22998
23.87 2.23039
23.88 2.23079
23.89 2.2312
23.9 2.23161
23.91 2.23202
23.92 2.23242
23.93 2.23283
23.94 2.23324
23.95 2.23364
23.96 2.23405
23.97 2.23446
23.98 2.23486
23.99 2.23527
24 2.23567
24.01 2.23608
24.02 2.23649
24.03 2.23689
24.04 2.2373
24.05 2.2377
24.06 2.23811
24.07 2.23852
24.08 2.23892
24.09 2.23933
24.1 2.23973
24.11 2.24014
24.12 2.24054
24.13 2.24095
24.14 2.24136
24.15 2.24176
24.16 2.24217
24.17 2.24257
24.18 2.24298
24.19 2.24338
24.2 2.24379
24.21 2.24419
24.22 2.2446
24.23 2.245
24.24 2.24541
24.25 2.24581
24.26 2.24622
24.27 2.24662
24.28 2.24703
24.29 2.24743
24.3 2.24783
24.31 2.24824
24.32 2.24864
24.33 2.24905
24.34 2.24945
24.35 2.24986
24.36 2.25026
24.37 2.25066
24.38 2.25107
24.39 2.25147
24.4 2.25188
24.41 2.25228
24.42 2.25268
24.43 2.25309
24.44 2.25349
24.45 2.2539
24.46 2.2543
24.47 2.2547
24.48 2.25511
24.49 2.25551
24.5 2.25591
24.51 2.25632
24.52 2.25672
24.53 2.25712
24.54 2.25753
24.55 2.25793
24.56 2.25833
24.57 2.25873
24.58 2.25914
24.59 2.25954
24.6 2.25994
24.61 2.26035
24.62 2.26075
24.63 2.26115
24.64 2.26155
24.65 2.26196
24.66 2.26236
24.67 2.26276
24.68 2.26316
24.69 2.26357
24.7 2.26397
24.71 2.26437
24.72 2.26477
24.73 2.26517
24.74 2.26558
24.75 2.26598
24.76 2.26638
24.77 2.26678
24.78 2.26718
24.79 2.26759
24.8 2.26799
24.81 2.26839
24.82 2.26879
24.83 2.26919
24.84 2.26959
24.85 2.26999
24.86 2.2704
24.87 2.2708
24.88 2.2712
24.89 2.2716
24.9 2.272
24.91 2.2724
24.92 2.2728
24.93 2.2732
24.94 2.2736
24.95 2.274
24.96 2.27441
24.97 2.27481
24.98 2.27521
24.99 2.27561
25 2.27601
25.01 2.27641
25.02 2.27681
25.03 2.27721
25.04 2.27761
25.05 2.27801
25.06 2.27841
25.07 2.27881
25.08 2.27921
25.09 2.27961
25.1 2.28001
25.11 2.28041
25.12 2.28081
25.13 2.28121
25.14 2.28161
25.15 2.28201
25.16 2.28241
25.17 2.28281
25.18 2.28321
25.19 2.28361
25.2 2.28401
25.21 2.2844
25.22 2.2848
25.23 2.2852
25.24 2.2856
25.25 2.286
25.26 2.2864
25.27 2.2868
25.28 2.2872
25.29 2.2876
25.3 2.288
25.31 2.28839
25.32 2.28879
25.33 2.28919
25.34 2.28959
25.35 2.28999
25.36 2.29039
25.37 2.29079
25.38 2.29118
25.39 2.29158
25.4 2.29198
25.41 2.29238
25.42 2.29278
25.43 2.29318
25.44 2.29357
25.45 2.29397
25.46 2.29437
25.47 2.29477
25.48 2.29516
25.49 2.29556
25.5 2.29596
25.51 2.29636
25.52 2.29676
25.53 2.29715
25.54 2.29755
25.55 2.29795
25.56 2.29834
25.57 2.29874
25.58 2.29914
25.59 2.29954
25.6 2.29993
25.61 2.30033
25.62 2.30073
25.63 2.30112
25.64 2.30152
25.65 2.30192
25.66 2.30232
25.67 2.30271
25.68 2.30311
25.69 2.30351
25.7 2.3039
25.71 2.3043
25.72 2.30469
25.73 2.30509
25.74 2.30549
25.75 2.30588
25.76 2.30628
25.77 2.30668
25.78 2.30707
25.79 2.30747
25.8 2.30786
25.81 2.30826
25.82 2.30866
25.83 2.30905
25.84 2.30945
25.85 2.30984
25.86 2.31024
25.87 2.31063
25.88 2.31103
25.89 2.31143
25.9 2.31182
25.91 2.31222
25.92 2.31261
25.93 2.31301
25.94 2.3134
25.95 2.3138
25.96 2.31419
25.97 2.31459
25.98 2.31498
25.99 2.31538
26 2.31577
26.01 2.31617
26.02 2.31656
26.03 2.31696
26.04 2.31735
26.05 2.31775
26.06 2.31814
26.07 2.31854
26.08 2.31893
26.09 2.31932
26.1 2.31972
26.11 2.32011
26.12 2.32051
26.13 2.3209
26.14 2.3213
26.15 2.32169
26.16 2.32208
26.17 2.32248
26.18 2.32287
26.19 2.32327
26.2 2.32366
26.21 2.32405
26.22 2.32445
26.23 2.32484
26.24 2.32523
26.25 2.32563
26.26 2.32602
26.27 2.32641
26.28 2.32681
26.29 2.3272
26.3 2.32759
26.31 2.32799
26.32 2.32838
26.33 2.32877
26.34 2.32917
26.35 2.32956
26.36 2.32995
26.37 2.33035
26.38 2.33074
26.39 2.33113
26.4 2.33152
26.41 2.33192
26.42 2.33231
26.43 2.3327
26.44 2.3331
26.45 2.33349
26.46 2.33388
26.47 2.33427
26.48 2.33466
26.49 2.33506
26.5 2.33545
26.51 2.33584
26.52 2.33623
26.53 2.33663
26.54 2.33702
26.55 2.33741
26.56 2.3378
26.57 2.33819
26.58 2.33858
26.59 2.33898
26.6 2.33937
26.61 2.33976
26.62 2.34015
26.63 2.34054
26.64 2.34093
26.65 2.34133
26.66 2.34172
26.67 2.34211
26.68 2.3425
26.69 2.34289
26.7 2.34328
26.71 2.34367
26.72 2.34406
26.73 2.34445
26.74 2.34485
26.75 2.34524
26.76 2.34563
26.77 2.34602
26.78 2.34641
26.79 2.3468
26.8 2.34719
26.81 2.34758
26.82 2.34797
26.83 2.34836
26.84 2.34875
26.85 2.34914
26.86 2.34953
26.87 2.34992
26.88 2.35031
26.89 2.3507
26.9 2.35109
26.91 2.35148
26.92 2.35187
26.93 2.35226
26.94 2.35265
26.95 2.35304
26.96 2.35343
26.97 2.35382
26.98 2.35421
26.99 2.3546
27 2.35499
27.01 2.35538
27.02 2.35577
27.03 2.35616
27.04 2.35655
27.05 2.35694
27.06 2.35733
27.07 2.35772
27.08 2.3581
27.09 2.35849
27.1 2.35888
27.11 2.35927
27.12 2.35966
27.13 2.36005
27.14 2.36044
27.15 2.36083
27.16 2.36122
27.17 2.3616
27.18 2.36199
27.19 2.36238
27.2 2.36277
27.21 2.36316
27.22 2.36355
27.23 2.36393
27.24 2.36432
27.25 2.36471
27.26 2.3651
27.27 2.36549
27.28 2.36588
27.29 2.36626
27.3 2.36665
27.31 2.36704
27.32 2.36743
27.33 2.36781
27.34 2.3682
27.35 2.36859
27.36 2.36898
27.37 2.36937
27.38 2.36975
27.39 2.37014
27.4 2.37053
27.41 2.37092
27.42 2.3713
27.43 2.37169
27.44 2.37208
27.45 2.37246
27.46 2.37285
27.47 2.37324
27.48 2.37363
27.49 2.37401
27.5 2.3744
27.51 2.37479
27.52 2.37517
27.53 2.37556
27.54 2.37595
27.55 2.37633
27.56 2.37672
27.57 2.37711
27.58 2.37749
27.59 2.37788
27.6 2.37826
27.61 2.37865
27.62 2.37904
27.63 2.37942
27.64 2.37981
27.65 2.3802
27.66 2.38058
27.67 2.38097
27.68 2.38135
27.69 2.38174
27.7 2.38213
27.71 2.38251
27.72 2.3829
27.73 2.38328
27.74 2.38367
27.75 2.38405
27.76 2.38444
27.77 2.38483
27.78 2.38521
27.79 2.3856
27.8 2.38598
27.81 2.38637
27.82 2.38675
27.83 2.38714
27.84 2.38752
27.85 2.38791
27.86 2.38829
27.87 2.38868
27.88 2.38906
27.89 2.38945
27.9 2.38983
27.91 2.39022
27.92 2.3906
27.93 2.39099
27.94 2.39137
27.95 2.39176
27.96 2.39214
27.97 2.39252
27.98 2.39291
27.99 2.39329
28 2.39368
28.01 2.39406
28.02 2.39445
28.03 2.39483
28.04 2.39521
28.05 2.3956
28.06 2.39598
28.07 2.39637
28.08 2.39675
28.09 2.39713
28.1 2.39752
28.11 2.3979
28.12 2.39828
28.13 2.39867
28.14 2.39905
28.15 2.39944
28.16 2.39982
28.17 2.4002
28.18 2.40059
28.19 2.40097
28.2 2.40135
28.21 2.40174
28.22 2.40212
28.23 2.4025
28.24 2.40288
28.25 2.40327
28.26 2.40365
28.27 2.40403
28.28 2.40442
28.29 2.4048
28.3 2.40518
28.31 2.40557
28.32 2.40595
28.33 2.40633
28.34 2.40671
28.35 2.4071
28.36 2.40748
28.37 2.40786
28.38 2.40824
28.39 2.40862
28.4 2.40901
28.41 2.40939
28.42 2.40977
28.43 2.41015
28.44 2.41054
28.45 2.41092
28.46 2.4113
28.47 2.41168
28.48 2.41206
28.49 2.41245
28.5 2.41283
28.51 2.41321
28.52 2.41359
28.53 2.41397
28.54 2.41435
28.55 2.41474
28.56 2.41512
28.57 2.4155
28.58 2.41588
28.59 2.41626
28.6 2.41664
28.61 2.41702
28.62 2.4174
28.63 2.41779
28.64 2.41817
28.65 2.41855
28.66 2.41893
28.67 2.41931
28.68 2.41969
28.69 2.42007
28.7 2.42045
28.71 2.42083
28.72 2.42121
28.73 2.42159
28.74 2.42197
28.75 2.42235
28.76 2.42273
28.77 2.42312
28.78 2.4235
28.79 2.42388
28.8 2.42426
28.81 2.42464
28.82 2.42502
28.83 2.4254
28.84 2.42578
28.85 2.42616
28.86 2.42654
28.87 2.42692
28.88 2.4273
28.89 2.42768
28.9 2.42806
28.91 2.42844
28.92 2.42882
28.93 2.42919
28.94 2.42957
28.95 2.42995
28.96 2.43033
28.97 2.43071
28.98 2.43109
28.99 2.43147
29 2.43185
29.01 2.43223
29.02 2.43261
29.03 2.43299
29.04 2.43337
29.05 2.43375
29.06 2.43413
29.07 2.4345
29.08 2.43488
29.09 2.43526
29.1 2.43564
29.11 2.43602
29.12 2.4364
29.13 2.43678
29.14 2.43715
29.15 2.43753
29.16 2.43791
29.17 2.43829
29.18 2.43867
29.19 2.43905
29.2 2.43943
29.21 2.4398
29.22 2.44018
29.23 2.44056
29.24 2.44094
29.25 2.44132
29.26 2.44169
29.27 2.44207
29.28 2.44245
29.29 2.44283
29.3 2.44321
29.31 2.44358
29.32 2.44396
29.33 2.44434
29.34 2.44472
29.35 2.44509
29.36 2.44547
29.37 2.44585
29.38 2.44623
29.39 2.4466
29.4 2.44698
29.41 2.44736
29.42 2.44773
29.43 2.44811
29.44 2.44849
29.45 2.44887
29.46 2.44924
29.47 2.44962
29.48 2.45
29.49 2.45037
29.5 2.45075
29.51 2.45113
29.52 2.4515
29.53 2.45188
29.54 2.45226
29.55 2.45263
29.56 2.45301
29.57 2.45339
29.58 2.45376
29.59 2.45414
29.6 2.45452
29.61 2.45489
29.62 2.45527
29.63 2.45564
29.64 2.45602
29.65 2.4564
29.66 2.45677
29.67 2.45715
29.68 2.45752
29.69 2.4579
29.7 2.45828
29.71 2.45865
29.72 2.45903
29.73 2.4594
29.74 2.45978
29.75 2.46015
29.76 2.46053
29.77 2.4609
29.78 2.46128
29.79 2.46166
29.8 2.46203
29.81 2.46241
29.82 2.46278
29.83 2.46316
29.84 2.46353
29.85 2.46391
29.86 2.46428
29.87 2.46466
29.88 2.46503
29.89 2.46541
29.9 2.46578
29.91 2.46616
29.92 2.46653
29.93 2.46691
29.94 2.46728
29.95 2.46765
29.96 2.46803
29.97 2.4684
29.98 2.46878
29.99 2.46915
30 2.46953
30.01 2.4699
30.02 2.47028
30.03 2.47065
30.04 2.47102
30.05 2.4714
30.06 2.47177
30.07 2.47215
30.08 2.47252
30.09 2.47289
30.1 2.47327
30.11 2.47364
30.12 2.47402
30.13 2.47439
30.14 2.47476
30.15 2.47514
30.16 2.47551
30.17 2.47588
30.18 2.47626
30.19 2.47663
30.2 2.477
30.21 2.47738
30.22 2.47775
30.23 2.47812
30.24 2.4785
30.25 2.47887
30.26 2.47924
30.27 2.47962
30.28 2.47999
30.29 2.48036
30.3 2.48074
30.31 2.48111
30.32 2.48148
30.33 2.48185
30.34 2.48223
30.35 2.4826
30.36 2.48297
30.37 2.48334
30.38 2.48372
30.39 2.48409
30.4 2.48446
30.41 2.48483
30.42 2.48521
30.43 2.48558
30.44 2.48595
30.45 2.48632
30.46 2.4867
30.47 2.48707
30.48 2.48744
30.49 2.48781
30.5 2.48818
30.51 2.48856
30.52 2.48893
30.53 2.4893
30.54 2.48967
30.55 2.49004
30.56 2.49041
30.57 2.49079
30.58 2.49116
30.59 2.49153
30.6 2.4919
30.61 2.49227
30.62 2.49264
30.63 2.49301
30.64 2.49339
30.65 2.49376
30.66 2.49413
30.67 2.4945
30.68 2.49487
30.69 2.49524
30.7 2.49561
30.71 2.49598
30.72 2.49635
30.73 2.49673
30.74 2.4971
30.75 2.49747
30.76 2.49784
30.77 2.49821
30.78 2.49858
30.79 2.49895
30.8 2.49932
30.81 2.49969
30.82 2.50006
30.83 2.50043
30.84 2.5008
30.85 2.50117
30.86 2.50154
30.87 2.50191
30.88 2.50228
30.89 2.50265
30.9 2.50302
30.91 2.50339
30.92 2.50376
30.93 2.50413
30.94 2.5045
30.95 2.50487
30.96 2.50524
30.97 2.50561
30.98 2.50598
30.99 2.50635
31 2.50672
31.01 2.50709
31.02 2.50746
31.03 2.50783
31.04 2.5082
31.05 2.50857
31.06 2.50894
31.07 2.50931
31.08 2.50968
31.09 2.51005
31.1 2.51041
31.11 2.51078
31.12 2.51115
31.13 2.51152
31.14 2.51189
31.15 2.51226
31.16 2.51263
31.17 2.513
31.18 2.51337
31.19 2.51373
31.2 2.5141
31.21 2.51447
31.22 2.51484
31.23 2.51521
31.24 2.51558
31.25 2.51595
31.26 2.51631
31.27 2.51668
31.28 2.51705
31.29 2.51742
31.3 2.51779
31.31 2.51816
31.32 2.51852
31.33 2.51889
31.34 2.51926
31.35 2.51963
31.36 2.52
31.37 2.52036
31.38 2.52073
31.39 2.5211
31.4 2.52147
31.41 2.52183
31.42 2.5222
31.43 2.52257
31.44 2.52294
31.45 2.5233
31.46 2.52367
31.47 2.52404
31.48 2.52441
31.49 2.52477
31.5 2.52514
31.51 2.52551
31.52 2.52588
31.53 2.52624
31.54 2.52661
31.55 2.52698
31.56 2.52734
31.57 2.52771
31.58 2.52808
31.59 2.52844
31.6 2.52881
31.61 2.52918
31.62 2.52955
31.63 2.52991
31.64 2.53028
31.65 2.53065
31.66 2.53101
31.67 2.53138
31.68 2.53174
31.69 2.53211
31.7 2.53248
31.71 2.53284
31.72 2.53321
31.73 2.53358
31.74 2.53394
31.75 2.53431
31.76 2.53467
31.77 2.53504
31.78 2.53541
31.79 2.53577
31.8 2.53614
31.81 2.5365
31.82 2.53687
31.83 2.53724
31.84 2.5376
31.85 2.53797
31.86 2.53833
31.87 2.5387
31.88 2.53906
31.89 2.53943
31.9 2.53979
31.91 2.54016
31.92 2.54053
31.93 2.54089
31.94 2.54126
31.95 2.54162
31.96 2.54199
31.97 2.54235
31.98 2.54272
31.99 2.54308
32 2.54345
32.01 2.54381
32.02 2.54418
32.03 2.54454
32.04 2.54491
32.05 2.54527
32.06 2.54564
32.07 2.546
32.08 2.54637
32.09 2.54673
32.1 2.54709
32.11 2.54746
32.12 2.54782
32.13 2.54819
32.14 2.54855
32.15 2.54892
32.16 2.54928
32.17 2.54964
32.18 2.55001
32.19 2.55037
32.2 2.55074
32.21 2.5511
32.22 2.55146
32.23 2.55183
32.24 2.55219
32.25 2.55256
32.26 2.55292
32.27 2.55328
32.28 2.55365
32.29 2.55401
32.3 2.55438
32.31 2.55474
32.32 2.5551
32.33 2.55547
32.34 2.55583
32.35 2.55619
32.36 2.55656
32.37 2.55692
32.38 2.55728
32.39 2.55765
32.4 2.55801
32.41 2.55837
32.42 2.55874
32.43 2.5591
32.44 2.55946
32.45 2.55982
32.46 2.56019
32.47 2.56055
32.48 2.56091
32.49 2.56128
32.5 2.56164
32.51 2.562
32.52 2.56236
32.53 2.56273
32.54 2.56309
32.55 2.56345
32.56 2.56381
32.57 2.56418
32.58 2.56454
32.59 2.5649
32.6 2.56526
32.61 2.56563
32.62 2.56599
32.63 2.56635
32.64 2.56671
32.65 2.56707
32.66 2.56744
32.67 2.5678
32.68 2.56816
32.69 2.56852
32.7 2.56888
32.71 2.56925
32.72 2.56961
32.73 2.56997
32.74 2.57033
32.75 2.57069
32.76 2.57105
32.77 2.57142
32.78 2.57178
32.79 2.57214
32.8 2.5725
32.81 2.57286
32.82 2.57322
32.83 2.57358
32.84 2.57394
32.85 2.57431
32.86 2.57467
32.87 2.57503
32.88 2.57539
32.89 2.57575
32.9 2.57611
32.91 2.57647
32.92 2.57683
32.93 2.57719
32.94 2.57755
32.95 2.57792
32.96 2.57828
32.97 2.57864
32.98 2.579
32.99 2.57936
33 2.57972
33.01 2.58008
33.02 2.58044
33.03 2.5808
33.04 2.58116
33.05 2.58152
33.06 2.58188
33.07 2.58224
33.08 2.5826
33.09 2.58296
33.1 2.58332
33.11 2.58368
33.12 2.58404
33.13 2.5844
33.14 2.58476
33.15 2.58512
33.16 2.58548
33.17 2.58584
33.18 2.5862
33.19 2.58656
33.2 2.58692
33.21 2.58728
33.22 2.58764
33.23 2.588
33.24 2.58836
33.25 2.58872
33.26 2.58908
33.27 2.58944
33.28 2.58979
33.29 2.59015
33.3 2.59051
33.31 2.59087
33.32 2.59123
33.33 2.59159
33.34 2.59195
33.35 2.59231
33.36 2.59267
33.37 2.59303
33.38 2.59338
33.39 2.59374
33.4 2.5941
33.41 2.59446
33.42 2.59482
33.43 2.59518
33.44 2.59554
33.45 2.5959
33.46 2.59625
33.47 2.59661
33.48 2.59697
33.49 2.59733
33.5 2.59769
33.51 2.59805
33.52 2.5984
33.53 2.59876
33.54 2.59912
33.55 2.59948
33.56 2.59984
33.57 2.60019
33.58 2.60055
33.59 2.60091
33.6 2.60127
33.61 2.60163
33.62 2.60198
33.63 2.60234
33.64 2.6027
33.65 2.60306
33.66 2.60341
33.67 2.60377
33.68 2.60413
33.69 2.60449
33.7 2.60484
33.71 2.6052
33.72 2.60556
33.73 2.60592
33.74 2.60627
33.75 2.60663
33.76 2.60699
33.77 2.60735
33.78 2.6077
33.79 2.60806
33.8 2.60842
33.81 2.60877
33.82 2.60913
33.83 2.60949
33.84 2.60984
33.85 2.6102
33.86 2.61056
33.87 2.61091
33.88 2.61127
33.89 2.61163
33.9 2.61198
33.91 2.61234
33.92 2.6127
33.93 2.61305
33.94 2.61341
33.95 2.61377
33.96 2.61412
33.97 2.61448
33.98 2.61484
33.99 2.61519
34 2.61555
34.01 2.6159
34.02 2.61626
34.03 2.61662
34.04 2.61697
34.05 2.61733
34.06 2.61768
34.07 2.61804
34.08 2.6184
34.09 2.61875
34.1 2.61911
34.11 2.61946
34.12 2.61982
34.13 2.62017
34.14 2.62053
34.15 2.62088
34.16 2.62124
34.17 2.6216
34.18 2.62195
34.19 2.62231
34.2 2.62266
34.21 2.62302
34.22 2.62337
34.23 2.62373
34.24 2.62408
34.25 2.62444
34.26 2.62479
34.27 2.62515
34.28 2.6255
34.29 2.62586
34.3 2.62621
34.31 2.62657
34.32 2.62692
34.33 2.62728
34.34 2.62763
34.35 2.62799
34.36 2.62834
34.37 2.62869
34.38 2.62905
34.39 2.6294
34.4 2.62976
34.41 2.63011
34.42 2.63047
34.43 2.63082
34.44 2.63118
34.45 2.63153
34.46 2.63188
34.47 2.63224
34.48 2.63259
34.49 2.63295
34.5 2.6333
34.51 2.63365
34.52 2.63401
34.53 2.63436
34.54 2.63472
34.55 2.63507
34.56 2.63542
34.57 2.63578
34.58 2.63613
34.59 2.63648
34.6 2.63684
34.61 2.63719
34.62 2.63754
34.63 2.6379
34.64 2.63825
34.65 2.63861
34.66 2.63896
34.67 2.63931
34.68 2.63967
34.69 2.64002
34.7 2.64037
34.71 2.64072
34.72 2.64108
34.73 2.64143
34.74 2.64178
34.75 2.64214
34.76 2.64249
34.77 2.64284
34.78 2.6432
34.79 2.64355
34.8 2.6439
34.81 2.64425
34.82 2.64461
34.83 2.64496
34.84 2.64531
34.85 2.64566
34.86 2.64602
34.87 2.64637
34.88 2.64672
34.89 2.64707
34.9 2.64743
34.91 2.64778
34.92 2.64813
34.93 2.64848
34.94 2.64883
34.95 2.64919
34.96 2.64954
34.97 2.64989
34.98 2.65024
34.99 2.65059
35 2.65095
35.01 2.6513
35.02 2.65165
35.03 2.652
35.04 2.65235
35.05 2.65271
35.06 2.65306
35.07 2.65341
35.08 2.65376
35.09 2.65411
35.1 2.65446
35.11 2.65482
35.12 2.65517
35.13 2.65552
35.14 2.65587
35.15 2.65622
35.16 2.65657
35.17 2.65692
35.18 2.65727
35.19 2.65763
35.2 2.65798
35.21 2.65833
35.22 2.65868
35.23 2.65903
35.24 2.65938
35.25 2.65973
35.26 2.66008
35.27 2.66043
35.28 2.66078
35.29 2.66113
35.3 2.66148
35.31 2.66184
35.32 2.66219
35.33 2.66254
35.34 2.66289
35.35 2.66324
35.36 2.66359
35.37 2.66394
35.38 2.66429
35.39 2.66464
35.4 2.66499
35.41 2.66534
35.42 2.66569
35.43 2.66604
35.44 2.66639
35.45 2.66674
35.46 2.66709
35.47 2.66744
35.48 2.66779
35.49 2.66814
35.5 2.66849
35.51 2.66884
35.52 2.66919
35.53 2.66954
35.54 2.66989
35.55 2.67024
35.56 2.67059
35.57 2.67094
35.58 2.67129
35.59 2.67164
35.6 2.67199
35.61 2.67233
35.62 2.67268
35.63 2.67303
35.64 2.67338
35.65 2.67373
35.66 2.67408
35.67 2.67443
35.68 2.67478
35.69 2.67513
35.7 2.67548
35.71 2.67583
35.72 2.67617
35.73 2.67652
35.74 2.67687
35.75 2.67722
35.76 2.67757
35.77 2.67792
35.78 2.67827
35.79 2.67862
35.8 2.67896
35.81 2.67931
35.82 2.67966
35.83 2.68001
35.84 2.68036
35.85 2.68071
35.86 2.68106
35.87 2.6814
35.88 2.68175
35.89 2.6821
35.9 2.68245
35.91 2.6828
35.92 2.68314
35.93 2.68349
35.94 2.68384
35.95 2.68419
35.96 2.68454
35.97 2.68488
35.98 2.68523
35.99 2.68558
36 2.68593
36.01 2.68628
36.02 2.68662
36.03 2.68697
36.04 2.68732
36.05 2.68767
36.06 2.68801
36.07 2.68836
36.08 2.68871
36.09 2.68906
36.1 2.6894
36.11 2.68975
36.12 2.6901
36.13 2.69045
36.14 2.69079
36.15 2.69114
36.16 2.69149
36.17 2.69183
36.18 2.69218
36.19 2.69253
36.2 2.69287
36.21 2.69322
36.22 2.69357
36.23 2.69392
36.24 2.69426
36.25 2.69461
36.26 2.69496
36.27 2.6953
36.28 2.69565
36.29 2.696
36.3 2.69634
36.31 2.69669
36.32 2.69704
36.33 2.69738
36.34 2.69773
36.35 2.69807
36.36 2.69842
36.37 2.69877
36.38 2.69911
36.39 2.69946
36.4 2.69981
36.41 2.70015
36.42 2.7005
36.43 2.70084
36.44 2.70119
36.45 2.70154
36.46 2.70188
36.47 2.70223
36.48 2.70257
36.49 2.70292
36.5 2.70326
36.51 2.70361
36.52 2.70396
36.53 2.7043
36.54 2.70465
36.55 2.70499
36.56 2.70534
36.57 2.70568
36.58 2.70603
36.59 2.70637
36.6 2.70672
36.61 2.70707
36.62 2.70741
36.63 2.70776
36.64 2.7081
36.65 2.70845
36.66 2.70879
36.67 2.70914
36.68 2.70948
36.69 2.70983
36.7 2.71017
36.71 2.71052
36.72 2.71086
36.73 2.71121
36.74 2.71155
36.75 2.7119
36.76 2.71224
36.77 2.71258
36.78 2.71293
36.79 2.71327
36.8 2.71362
36.81 2.71396
36.82 2.71431
36.83 2.71465
36.84 2.715
36.85 2.71534
36.86 2.71569
36.87 2.71603
36.88 2.71637
36.89 2.71672
36.9 2.71706
36.91 2.71741
36.92 2.71775
36.93 2.71809
36.94 2.71844
36.95 2.71878
36.96 2.71913
36.97 2.71947
36.98 2.71981
36.99 2.72016
37 2.7205
37.01 2.72084
37.02 2.72119
37.03 2.72153
37.04 2.72188
37.05 2.72222
37.06 2.72256
37.07 2.72291
37.08 2.72325
37.09 2.72359
37.1 2.72394
37.11 2.72428
37.12 2.72462
37.13 2.72497
37.14 2.72531
37.15 2.72565
37.16 2.726
37.17 2.72634
37.18 2.72668
37.19 2.72702
37.2 2.72737
37.21 2.72771
37.22 2.72805
37.23 2.7284
37.24 2.72874
37.25 2.72908
37.26 2.72942
37.27 2.72977
37.28 2.73011
37.29 2.73045
37.3 2.7308
37.31 2.73114
37.32 2.73148
37.33 2.73182
37.34 2.73217
37.35 2.73251
37.36 2.73285
37.37 2.73319
37.38 2.73353
37.39 2.73388
37.4 2.73422
37.41 2.73456
37.42 2.7349
37.43 2.73525
37.44 2.73559
37.45 2.73593
37.46 2.73627
37.47 2.73661
37.48 2.73695
37.49 2.7373
37.5 2.73764
37.51 2.73798
37.52 2.73832
37.53 2.73866
37.54 2.739
37.55 2.73935
37.56 2.73969
37.57 2.74003
37.58 2.74037
37.59 2.74071
37.6 2.74105
37.61 2.7414
37.62 2.74174
37.63 2.74208
37.64 2.74242
37.65 2.74276
37.66 2.7431
37.67 2.74344
37.68 2.74378
37.69 2.74412
37.7 2.74447
37.71 2.74481
37.72 2.74515
37.73 2.74549
37.74 2.74583
37.75 2.74617
37.76 2.74651
37.77 2.74685
37.78 2.74719
37.79 2.74753
37.8 2.74787
37.81 2.74821
37.82 2.74855
37.83 2.74889
37.84 2.74924
37.85 2.74958
37.86 2.74992
37.87 2.75026
37.88 2.7506
37.89 2.75094
37.9 2.75128
37.91 2.75162
37.92 2.75196
37.93 2.7523
37.94 2.75264
37.95 2.75298
37.96 2.75332
37.97 2.75366
37.98 2.754
37.99 2.75434
38 2.75468
38.01 2.75502
38.02 2.75536
38.03 2.7557
38.04 2.75604
38.05 2.75638
38.06 2.75672
38.07 2.75705
38.08 2.75739
38.09 2.75773
38.1 2.75807
38.11 2.75841
38.12 2.75875
38.13 2.75909
38.14 2.75943
38.15 2.75977
38.16 2.76011
38.17 2.76045
38.18 2.76079
38.19 2.76113
38.2 2.76147
38.21 2.7618
38.22 2.76214
38.23 2.76248
38.24 2.76282
38.25 2.76316
38.26 2.7635
38.27 2.76384
38.28 2.76418
38.29 2.76452
38.3 2.76485
38.31 2.76519
38.32 2.76553
38.33 2.76587
38.34 2.76621
38.35 2.76655
38.36 2.76689
38.37 2.76722
38.38 2.76756
38.39 2.7679
38.4 2.76824
38.41 2.76858
38.42 2.76892
38.43 2.76925
38.44 2.76959
38.45 2.76993
38.46 2.77027
38.47 2.77061
38.48 2.77094
38.49 2.77128
38.5 2.77162
38.51 2.77196
38.52 2.77229
38.53 2.77263
38.54 2.77297
38.55 2.77331
38.56 2.77365
38.57 2.77398
38.58 2.77432
38.59 2.77466
38.6 2.775
38.61 2.77533
38.62 2.77567
38.63 2.77601
38.64 2.77635
38.65 2.77668
38.66 2.77702
38.67 2.77736
38.68 2.77769
38.69 2.77803
38.7 2.77837
38.71 2.77871
38.72 2.77904
38.73 2.77938
38.74 2.77972
38.75 2.78005
38.76 2.78039
38.77 2.78073
38.78 2.78106
38.79 2.7814
38.8 2.78174
38.81 2.78208
38.82 2.78241
38.83 2.78275
38.84 2.78309
38.85 2.78342
38.86 2.78376
38.87 2.78409
38.88 2.78443
38.89 2.78477
38.9 2.7851
38.91 2.78544
38.92 2.78578
38.93 2.78611
38.94 2.78645
38.95 2.78679
38.96 2.78712
38.97 2.78746
38.98 2.78779
38.99 2.78813
39 2.78847
39.01 2.7888
39.02 2.78914
39.03 2.78947
39.04 2.78981
39.05 2.79015
39.06 2.79048
39.07 2.79082
39.08 2.79115
39.09 2.79149
39.1 2.79182
39.11 2.79216
39.12 2.79249
39.13 2.79283
39.14 2.79317
39.15 2.7935
39.16 2.79384
39.17 2.79417
39.18 2.79451
39.19 2.79484
39.2 2.79518
39.21 2.79551
39.22 2.79585
39.23 2.79618
39.24 2.79652
39.25 2.79685
39.26 2.79719
39.27 2.79752
39.28 2.79786
39.29 2.79819
39.3 2.79853
39.31 2.79886
39.32 2.7992
39.33 2.79953
39.34 2.79987
39.35 2.8002
39.36 2.80054
39.37 2.80087
39.38 2.80121
39.39 2.80154
39.4 2.80187
39.41 2.80221
39.42 2.80254
39.43 2.80288
39.44 2.80321
39.45 2.80355
39.46 2.80388
39.47 2.80422
39.48 2.80455
39.49 2.80488
39.5 2.80522
39.51 2.80555
39.52 2.80589
39.53 2.80622
39.54 2.80655
39.55 2.80689
39.56 2.80722
39.57 2.80756
39.58 2.80789
39.59 2.80822
39.6 2.80856
39.61 2.80889
39.62 2.80922
39.63 2.80956
39.64 2.80989
39.65 2.81022
39.66 2.81056
39.67 2.81089
39.68 2.81123
39.69 2.81156
39.7 2.81189
39.71 2.81223
39.72 2.81256
39.73 2.81289
39.74 2.81323
39.75 2.81356
39.76 2.81389
39.77 2.81422
39.78 2.81456
39.79 2.81489
39.8 2.81522
39.81 2.81556
39.82 2.81589
39.83 2.81622
39.84 2.81656
39.85 2.81689
39.86 2.81722
39.87 2.81755
39.88 2.81789
39.89 2.81822
39.9 2.81855
39.91 2.81888
39.92 2.81922
39.93 2.81955
39.94 2.81988
39.95 2.82021
39.96 2.82055
39.97 2.82088
39.98 2.82121
39.99 2.82154
40 2.82188
40.01 2.82221
40.02 2.82254
40.03 2.82287
40.04 2.8232
40.05 2.82354
40.06 2.82387
40.07 2.8242
40.08 2.82453
40.09 2.82486
40.1 2.8252
40.11 2.82553
40.12 2.82586
40.13 2.82619
40.14 2.82652
40.15 2.82686
40.16 2.82719
40.17 2.82752
40.18 2.82785
40.19 2.82818
40.2 2.82851
40.21 2.82884
40.22 2.82918
40.23 2.82951
40.24 2.82984
40.25 2.83017
40.26 2.8305
40.27 2.83083
40.28 2.83116
40.29 2.8315
40.3 2.83183
40.31 2.83216
40.32 2.83249
40.33 2.83282
40.34 2.83315
40.35 2.83348
40.36 2.83381
40.37 2.83414
40.38 2.83447
40.39 2.83481
40.4 2.83514
40.41 2.83547
40.42 2.8358
40.43 2.83613
40.44 2.83646
40.45 2.83679
40.46 2.83712
40.47 2.83745
40.48 2.83778
40.49 2.83811
40.5 2.83844
40.51 2.83877
40.52 2.8391
40.53 2.83943
40.54 2.83976
40.55 2.84009
40.56 2.84042
40.57 2.84075
40.58 2.84108
40.59 2.84141
40.6 2.84174
40.61 2.84207
40.62 2.8424
40.63 2.84273
40.64 2.84306
40.65 2.84339
40.66 2.84372
40.67 2.84405
40.68 2.84438
40.69 2.84471
40.7 2.84504
40.71 2.84537
40.72 2.8457
40.73 2.84603
40.74 2.84636
40.75 2.84669
40.76 2.84702
40.77 2.84735
40.78 2.84768
40.79 2.84801
40.8 2.84834
40.81 2.84867
40.82 2.849
40.83 2.84933
40.84 2.84965
40.85 2.84998
40.86 2.85031
40.87 2.85064
40.88 2.85097
40.89 2.8513
40.9 2.85163
40.91 2.85196
40.92 2.85229
40.93 2.85262
40.94 2.85294
40.95 2.85327
40.96 2.8536
40.97 2.85393
40.98 2.85426
40.99 2.85459
41 2.85492
41.01 2.85525
41.02 2.85557
41.03 2.8559
41.04 2.85623
41.05 2.85656
41.06 2.85689
41.07 2.85722
41.08 2.85754
41.09 2.85787
41.1 2.8582
41.11 2.85853
41.12 2.85886
41.13 2.85919
41.14 2.85951
41.15 2.85984
41.16 2.86017
41.17 2.8605
41.18 2.86083
41.19 2.86115
41.2 2.86148
41.21 2.86181
41.22 2.86214
41.23 2.86246
41.24 2.86279
41.25 2.86312
41.26 2.86345
41.27 2.86378
41.28 2.8641
41.29 2.86443
41.3 2.86476
41.31 2.86509
41.32 2.86541
41.33 2.86574
41.34 2.86607
41.35 2.8664
41.36 2.86672
41.37 2.86705
41.38 2.86738
41.39 2.8677
41.4 2.86803
41.41 2.86836
41.42 2.86869
41.43 2.86901
41.44 2.86934
41.45 2.86967
41.46 2.86999
41.47 2.87032
41.48 2.87065
41.49 2.87097
41.5 2.8713
41.51 2.87163
41.52 2.87196
41.53 2.87228
41.54 2.87261
41.55 2.87294
41.56 2.87326
41.57 2.87359
41.58 2.87391
41.59 2.87424
41.6 2.87457
41.61 2.87489
41.62 2.87522
41.63 2.87555
41.64 2.87587
41.65 2.8762
41.66 2.87653
41.67 2.87685
41.68 2.87718
41.69 2.8775
41.7 2.87783
41.71 2.87816
41.72 2.87848
41.73 2.87881
41.74 2.87913
41.75 2.87946
41.76 2.87979
41.77 2.88011
41.78 2.88044
41.79 2.88076
41.8 2.88109
41.81 2.88142
41.82 2.88174
41.83 2.88207
41.84 2.88239
41.85 2.88272
41.86 2.88304
41.87 2.88337
41.88 2.88369
41.89 2.88402
41.9 2.88434
41.91 2.88467
41.92 2.885
41.93 2.88532
41.94 2.88565
41.95 2.88597
41.96 2.8863
41.97 2.88662
41.98 2.88695
41.99 2.88727
42 2.8876
42.01 2.88792
42.02 2.88825
42.03 2.88857
42.04 2.8889
42.05 2.88922
42.06 2.88955
42.07 2.88987
42.08 2.8902
42.09 2.89052
42.1 2.89085
42.11 2.89117
42.12 2.89149
42.13 2.89182
42.14 2.89214
42.15 2.89247
42.16 2.89279
42.17 2.89312
42.18 2.89344
42.19 2.89377
42.2 2.89409
42.21 2.89441
42.22 2.89474
42.23 2.89506
42.24 2.89539
42.25 2.89571
42.26 2.89604
42.27 2.89636
42.28 2.89668
42.29 2.89701
42.3 2.89733
42.31 2.89766
42.32 2.89798
42.33 2.8983
42.34 2.89863
42.35 2.89895
42.36 2.89928
42.37 2.8996
42.38 2.89992
42.39 2.90025
42.4 2.90057
42.41 2.90089
42.42 2.90122
42.43 2.90154
42.44 2.90186
42.45 2.90219
42.46 2.90251
42.47 2.90283
42.48 2.90316
42.49 2.90348
42.5 2.9038
42.51 2.90413
42.52 2.90445
42.53 2.90477
42.54 2.9051
42.55 2.90542
42.56 2.90574
42.57 2.90607
42.58 2.90639
42.59 2.90671
42.6 2.90704
42.61 2.90736
42.62 2.90768
42.63 2.908
42.64 2.90833
42.65 2.90865
42.66 2.90897
42.67 2.90929
42.68 2.90962
42.69 2.90994
42.7 2.91026
42.71 2.91059
42.72 2.91091
42.73 2.91123
42.74 2.91155
42.75 2.91188
42.76 2.9122
42.77 2.91252
42.78 2.91284
42.79 2.91316
42.8 2.91349
42.81 2.91381
42.82 2.91413
42.83 2.91445
42.84 2.91478
42.85 2.9151
42.86 2.91542
42.87 2.91574
42.88 2.91606
42.89 2.91639
42.9 2.91671
42.91 2.91703
42.92 2.91735
42.93 2.91767
42.94 2.91799
42.95 2.91832
42.96 2.91864
42.97 2.91896
42.98 2.91928
42.99 2.9196
43 2.91992
43.01 2.92025
43.02 2.92057
43.03 2.92089
43.04 2.92121
43.05 2.92153
43.06 2.92185
43.07 2.92217
43.08 2.9225
43.09 2.92282
43.1 2.92314
43.11 2.92346
43.12 2.92378
43.13 2.9241
43.14 2.92442
43.15 2.92474
43.16 2.92506
43.17 2.92539
43.18 2.92571
43.19 2.92603
43.2 2.92635
43.21 2.92667
43.22 2.92699
43.23 2.92731
43.24 2.92763
43.25 2.92795
43.26 2.92827
43.27 2.92859
43.28 2.92891
43.29 2.92923
43.3 2.92956
43.31 2.92988
43.32 2.9302
43.33 2.93052
43.34 2.93084
43.35 2.93116
43.36 2.93148
43.37 2.9318
43.38 2.93212
43.39 2.93244
43.4 2.93276
43.41 2.93308
43.42 2.9334
43.43 2.93372
43.44 2.93404
43.45 2.93436
43.46 2.93468
43.47 2.935
43.48 2.93532
43.49 2.93564
43.5 2.93596
43.51 2.93628
43.52 2.9366
43.53 2.93692
43.54 2.93724
43.55 2.93756
43.56 2.93788
43.57 2.9382
43.58 2.93852
43.59 2.93884
43.6 2.93915
43.61 2.93947
43.62 2.93979
43.63 2.94011
43.64 2.94043
43.65 2.94075
43.66 2.94107
43.67 2.94139
43.68 2.94171
43.69 2.94203
43.7 2.94235
43.71 2.94267
43.72 2.94299
43.73 2.94331
43.74 2.94362
43.75 2.94394
43.76 2.94426
43.77 2.94458
43.78 2.9449
43.79 2.94522
43.8 2.94554
43.81 2.94586
43.82 2.94618
43.83 2.94649
43.84 2.94681
43.85 2.94713
43.86 2.94745
43.87 2.94777
43.88 2.94809
43.89 2.94841
43.9 2.94872
43.91 2.94904
43.92 2.94936
43.93 2.94968
43.94 2.95
43.95 2.95032
43.96 2.95063
43.97 2.95095
43.98 2.95127
43.99 2.95159
44 2.95191
44.01 2.95223
44.02 2.95254
44.03 2.95286
44.04 2.95318
44.05 2.9535
44.06 2.95382
44.07 2.95413
44.08 2.95445
44.09 2.95477
44.1 2.95509
44.11 2.9554
44.12 2.95572
44.13 2.95604
44.14 2.95636
44.15 2.95668
44.16 2.95699
44.17 2.95731
44.18 2.95763
44.19 2.95795
44.2 2.95826
44.21 2.95858
44.22 2.9589
44.23 2.95921
44.24 2.95953
44.25 2.95985
44.26 2.96017
44.27 2.96048
44.28 2.9608
44.29 2.96112
44.3 2.96144
44.31 2.96175
44.32 2.96207
44.33 2.96239
44.34 2.9627
44.35 2.96302
44.36 2.96334
44.37 2.96365
44.38 2.96397
44.39 2.96429
44.4 2.96461
44.41 2.96492
44.42 2.96524
44.43 2.96556
44.44 2.96587
44.45 2.96619
44.46 2.96651
44.47 2.96682
44.48 2.96714
44.49 2.96745
44.5 2.96777
44.51 2.96809
44.52 2.9684
44.53 2.96872
44.54 2.96904
44.55 2.96935
44.56 2.96967
44.57 2.96999
44.58 2.9703
44.59 2.97062
44.6 2.97093
44.61 2.97125
44.62 2.97157
44.63 2.97188
44.64 2.9722
44.65 2.97251
44.66 2.97283
44.67 2.97315
44.68 2.97346
44.69 2.97378
44.7 2.97409
44.71 2.97441
44.72 2.97472
44.73 2.97504
44.74 2.97536
44.75 2.97567
44.76 2.97599
44.77 2.9763
44.78 2.97662
44.79 2.97693
44.8 2.97725
44.81 2.97757
44.82 2.97788
44.83 2.9782
44.84 2.97851
44.85 2.97883
44.86 2.97914
44.87 2.97946
44.88 2.97977
44.89 2.98009
44.9 2.9804
44.91 2.98072
44.92 2.98103
44.93 2.98135
44.94 2.98166
44.95 2.98198
44.96 2.98229
44.97 2.98261
44.98 2.98292
44.99 2.98324
45 2.98355
45.01 2.98387
45.02 2.98418
45.03 2.9845
45.04 2.98481
45.05 2.98513
45.06 2.98544
45.07 2.98575
45.08 2.98607
45.09 2.98638
45.1 2.9867
45.11 2.98701
45.12 2.98733
45.13 2.98764
45.14 2.98796
45.15 2.98827
45.16 2.98858
45.17 2.9889
45.18 2.98921
45.19 2.98953
45.2 2.98984
45.21 2.99016
45.22 2.99047
45.23 2.99078
45.24 2.9911
45.25 2.99141
45.26 2.99173
45.27 2.99204
45.28 2.99235
45.29 2.99267
45.3 2.99298
45.31 2.99329
45.32 2.99361
45.33 2.99392
45.34 2.99424
45.35 2.99455
45.36 2.99486
45.37 2.99518
45.38 2.99549
45.39 2.9958
45.4 2.99612
45.41 2.99643
45.42 2.99674
45.43 2.99706
45.44 2.99737
45.45 2.99768
45.46 2.998
45.47 2.99831
45.48 2.99862
45.49 2.99894
45.5 2.99925
45.51 2.99956
45.52 2.99988
45.53 3.00019
45.54 3.0005
45.55 3.00082
45.56 3.00113
45.57 3.00144
45.58 3.00175
45.59 3.00207
45.6 3.00238
45.61 3.00269
45.62 3.00301
45.63 3.00332
45.64 3.00363
45.65 3.00394
45.66 3.00426
45.67 3.00457
45.68 3.00488
45.69 3.00519
45.7 3.00551
45.71 3.00582
45.72 3.00613
45.73 3.00644
45.74 3.00676
45.75 3.00707
45.76 3.00738
45.77 3.00769
45.78 3.00801
45.79 3.00832
45.8 3.00863
45.81 3.00894
45.82 3.00925
45.83 3.00957
45.84 3.00988
45.85 3.01019
45.86 3.0105
45.87 3.01081
45.88 3.01113
45.89 3.01144
45.9 3.01175
45.91 3.01206
45.92 3.01237
45.93 3.01269
45.94 3.013
45.95 3.01331
45.96 3.01362
45.97 3.01393
45.98 3.01424
45.99 3.01456
46 3.01487
46.01 3.01518
46.02 3.01549
46.03 3.0158
46.04 3.01611
46.05 3.01642
46.06 3.01674
46.07 3.01705
46.08 3.01736
46.09 3.01767
46.1 3.01798
46.11 3.01829
46.12 3.0186
46.13 3.01891
46.14 3.01922
46.15 3.01954
46.16 3.01985
46.17 3.02016
46.18 3.02047
46.19 3.02078
46.2 3.02109
46.21 3.0214
46.22 3.02171
46.23 3.02202
46.24 3.02233
46.25 3.02264
46.26 3.02296
46.27 3.02327
46.28 3.02358
46.29 3.02389
46.3 3.0242
46.31 3.02451
46.32 3.02482
46.33 3.02513
46.34 3.02544
46.35 3.02575
46.36 3.02606
46.37 3.02637
46.38 3.02668
46.39 3.02699
46.4 3.0273
46.41 3.02761
46.42 3.02792
46.43 3.02823
46.44 3.02854
46.45 3.02885
46.46 3.02916
46.47 3.02947
46.48 3.02978
46.49 3.03009
46.5 3.0304
46.51 3.03071
46.52 3.03102
46.53 3.03133
46.54 3.03164
46.55 3.03195
46.56 3.03226
46.57 3.03257
46.58 3.03288
46.59 3.03319
46.6 3.0335
46.61 3.03381
46.62 3.03412
46.63 3.03443
46.64 3.03474
46.65 3.03505
46.66 3.03536
46.67 3.03567
46.68 3.03598
46.69 3.03628
46.7 3.03659
46.71 3.0369
46.72 3.03721
46.73 3.03752
46.74 3.03783
46.75 3.03814
46.76 3.03845
46.77 3.03876
46.78 3.03907
46.79 3.03938
46.8 3.03969
46.81 3.03999
46.82 3.0403
46.83 3.04061
46.84 3.04092
46.85 3.04123
46.86 3.04154
46.87 3.04185
46.88 3.04216
46.89 3.04246
46.9 3.04277
46.91 3.04308
46.92 3.04339
46.93 3.0437
46.94 3.04401
46.95 3.04432
46.96 3.04462
46.97 3.04493
46.98 3.04524
46.99 3.04555
47 3.04586
47.01 3.04617
47.02 3.04647
47.03 3.04678
47.04 3.04709
47.05 3.0474
47.06 3.04771
47.07 3.04802
47.08 3.04832
47.09 3.04863
47.1 3.04894
47.11 3.04925
47.12 3.04956
47.13 3.04986
47.14 3.05017
47.15 3.05048
47.16 3.05079
47.17 3.05109
47.18 3.0514
47.19 3.05171
47.2 3.05202
47.21 3.05233
47.22 3.05263
47.23 3.05294
47.24 3.05325
47.25 3.05356
47.26 3.05386
47.27 3.05417
47.28 3.05448
47.29 3.05479
47.3 3.05509
47.31 3.0554
47.32 3.05571
47.33 3.05602
47.34 3.05632
47.35 3.05663
47.36 3.05694
47.37 3.05724
47.38 3.05755
47.39 3.05786
47.4 3.05817
47.41 3.05847
47.42 3.05878
47.43 3.05909
47.44 3.05939
47.45 3.0597
47.46 3.06001
47.47 3.06031
47.48 3.06062
47.49 3.06093
47.5 3.06123
47.51 3.06154
47.52 3.06185
47.53 3.06215
47.54 3.06246
47.55 3.06277
47.56 3.06307
47.57 3.06338
47.58 3.06369
47.59 3.06399
47.6 3.0643
47.61 3.06461
47.62 3.06491
47.63 3.06522
47.64 3.06553
47.65 3.06583
47.66 3.06614
47.67 3.06644
47.68 3.06675
47.69 3.06706
47.7 3.06736
47.71 3.06767
47.72 3.06797
47.73 3.06828
47.74 3.06859
47.75 3.06889
47.76 3.0692
47.77 3.0695
47.78 3.06981
47.79 3.07012
47.8 3.07042
47.81 3.07073
47.82 3.07103
47.83 3.07134
47.84 3.07165
47.85 3.07195
47.86 3.07226
47.87 3.07256
47.88 3.07287
47.89 3.07317
47.9 3.07348
47.91 3.07378
47.92 3.07409
47.93 3.0744
47.94 3.0747
47.95 3.07501
47.96 3.07531
47.97 3.07562
47.98 3.07592
47.99 3.07623
48 3.07653
48.01 3.07684
48.02 3.07714
48.03 3.07745
48.04 3.07775
48.05 3.07806
48.06 3.07836
48.07 3.07867
48.08 3.07897
48.09 3.07928
48.1 3.07958
48.11 3.07989
48.12 3.08019
48.13 3.0805
48.14 3.0808
48.15 3.08111
48.16 3.08141
48.17 3.08172
48.18 3.08202
48.19 3.08232
48.2 3.08263
48.21 3.08293
48.22 3.08324
48.23 3.08354
48.24 3.08385
48.25 3.08415
48.26 3.08446
48.27 3.08476
48.28 3.08506
48.29 3.08537
48.3 3.08567
48.31 3.08598
48.32 3.08628
48.33 3.08659
48.34 3.08689
48.35 3.08719
48.36 3.0875
48.37 3.0878
48.38 3.08811
48.39 3.08841
48.4 3.08871
48.41 3.08902
48.42 3.08932
48.43 3.08963
48.44 3.08993
48.45 3.09023
48.46 3.09054
48.47 3.09084
48.48 3.09114
48.49 3.09145
48.5 3.09175
48.51 3.09206
48.52 3.09236
48.53 3.09266
48.54 3.09297
48.55 3.09327
48.56 3.09357
48.57 3.09388
48.58 3.09418
48.59 3.09448
48.6 3.09479
48.61 3.09509
48.62 3.09539
48.63 3.0957
48.64 3.096
48.65 3.0963
48.66 3.09661
48.67 3.09691
48.68 3.09721
48.69 3.09752
48.7 3.09782
48.71 3.09812
48.72 3.09842
48.73 3.09873
48.74 3.09903
48.75 3.09933
48.76 3.09964
48.77 3.09994
48.78 3.10024
48.79 3.10054
48.8 3.10085
48.81 3.10115
48.82 3.10145
48.83 3.10176
48.84 3.10206
48.85 3.10236
48.86 3.10266
48.87 3.10297
48.88 3.10327
48.89 3.10357
48.9 3.10387
48.91 3.10418
48.92 3.10448
48.93 3.10478
48.94 3.10508
48.95 3.10538
48.96 3.10569
48.97 3.10599
48.98 3.10629
48.99 3.10659
49 3.1069
49.01 3.1072
49.02 3.1075
49.03 3.1078
49.04 3.1081
49.05 3.10841
49.06 3.10871
49.07 3.10901
49.08 3.10931
49.09 3.10961
49.1 3.10992
49.11 3.11022
49.12 3.11052
49.13 3.11082
49.14 3.11112
49.15 3.11142
49.16 3.11173
49.17 3.11203
49.18 3.11233
49.19 3.11263
49.2 3.11293
49.21 3.11323
49.22 3.11353
49.23 3.11384
49.24 3.11414
49.25 3.11444
49.26 3.11474
49.27 3.11504
49.28 3.11534
49.29 3.11564
49.3 3.11594
49.31 3.11625
49.32 3.11655
49.33 3.11685
49.34 3.11715
49.35 3.11745
49.36 3.11775
49.37 3.11805
49.38 3.11835
49.39 3.11865
49.4 3.11896
49.41 3.11926
49.42 3.11956
49.43 3.11986
49.44 3.12016
49.45 3.12046
49.46 3.12076
49.47 3.12106
49.48 3.12136
49.49 3.12166
49.5 3.12196
49.51 3.12226
49.52 3.12256
49.53 3.12286
49.54 3.12316
49.55 3.12347
49.56 3.12377
49.57 3.12407
49.58 3.12437
49.59 3.12467
49.6 3.12497
49.61 3.12527
49.62 3.12557
49.63 3.12587
49.64 3.12617
49.65 3.12647
49.66 3.12677
49.67 3.12707
49.68 3.12737
49.69 3.12767
49.7 3.12797
49.71 3.12827
49.72 3.12857
49.73 3.12887
49.74 3.12917
49.75 3.12947
49.76 3.12977
49.77 3.13007
49.78 3.13037
49.79 3.13067
49.8 3.13097
49.81 3.13127
49.82 3.13157
49.83 3.13187
49.84 3.13217
49.85 3.13246
49.86 3.13276
49.87 3.13306
49.88 3.13336
49.89 3.13366
49.9 3.13396
49.91 3.13426
49.92 3.13456
49.93 3.13486
49.94 3.13516
49.95 3.13546
49.96 3.13576
49.97 3.13606
49.98 3.13636
49.99 3.13666
50 3.13695
50.01 3.13725
50.02 3.13755
50.03 3.13785
50.04 3.13815
50.05 3.13845
50.06 3.13875
50.07 3.13905
50.08 3.13935
50.09 3.13964
50.1 3.13994
50.11 3.14024
50.12 3.14054
50.13 3.14084
50.14 3.14114
50.15 3.14144
50.16 3.14174
50.17 3.14203
50.18 3.14233
50.19 3.14263
50.2 3.14293
50.21 3.14323
50.22 3.14353
50.23 3.14383
50.24 3.14412
50.25 3.14442
50.26 3.14472
50.27 3.14502
50.28 3.14532
50.29 3.14562
50.3 3.14591
50.31 3.14621
50.32 3.14651
50.33 3.14681
50.34 3.14711
50.35 3.1474
50.36 3.1477
50.37 3.148
50.38 3.1483
50.39 3.1486
50.4 3.14889
50.41 3.14919
50.42 3.14949
50.43 3.14979
50.44 3.15009
50.45 3.15038
50.46 3.15068
50.47 3.15098
50.48 3.15128
50.49 3.15157
50.5 3.15187
50.51 3.15217
50.52 3.15247
50.53 3.15276
50.54 3.15306
50.55 3.15336
50.56 3.15366
50.57 3.15395
50.58 3.15425
50.59 3.15455
50.6 3.15485
50.61 3.15514
50.62 3.15544
50.63 3.15574
50.64 3.15603
50.65 3.15633
50.66 3.15663
50.67 3.15693
50.68 3.15722
50.69 3.15752
50.7 3.15782
50.71 3.15811
50.72 3.15841
50.73 3.15871
50.74 3.15901
50.75 3.1593
50.76 3.1596
50.77 3.1599
50.78 3.16019
50.79 3.16049
50.8 3.16079
50.81 3.16108
50.82 3.16138
50.83 3.16168
50.84 3.16197
50.85 3.16227
50.86 3.16257
50.87 3.16286
50.88 3.16316
50.89 3.16346
50.9 3.16375
50.91 3.16405
50.92 3.16434
50.93 3.16464
50.94 3.16494
50.95 3.16523
50.96 3.16553
50.97 3.16583
50.98 3.16612
50.99 3.16642
51 3.16671
51.01 3.16701
51.02 3.16731
51.03 3.1676
51.04 3.1679
51.05 3.16819
51.06 3.16849
51.07 3.16879
51.08 3.16908
51.09 3.16938
51.1 3.16967
51.11 3.16997
51.12 3.17027
51.13 3.17056
51.14 3.17086
51.15 3.17115
51.16 3.17145
51.17 3.17174
51.18 3.17204
51.19 3.17234
51.2 3.17263
51.21 3.17293
51.22 3.17322
51.23 3.17352
51.24 3.17381
51.25 3.17411
51.26 3.1744
51.27 3.1747
51.28 3.17499
51.29 3.17529
51.3 3.17559
51.31 3.17588
51.32 3.17618
51.33 3.17647
51.34 3.17677
51.35 3.17706
51.36 3.17736
51.37 3.17765
51.38 3.17795
51.39 3.17824
51.4 3.17854
51.41 3.17883
51.42 3.17913
51.43 3.17942
51.44 3.17972
51.45 3.18001
51.46 3.18031
51.47 3.1806
51.48 3.18089
51.49 3.18119
51.5 3.18148
51.51 3.18178
51.52 3.18207
51.53 3.18237
51.54 3.18266
51.55 3.18296
51.56 3.18325
51.57 3.18355
51.58 3.18384
51.59 3.18414
51.6 3.18443
51.61 3.18472
51.62 3.18502
51.63 3.18531
51.64 3.18561
51.65 3.1859
51.66 3.1862
51.67 3.18649
51.68 3.18678
51.69 3.18708
51.7 3.18737
51.71 3.18767
51.72 3.18796
51.73 3.18825
51.74 3.18855
51.75 3.18884
51.76 3.18914
51.77 3.18943
51.78 3.18972
51.79 3.19002
51.8 3.19031
51.81 3.1906
51.82 3.1909
51.83 3.19119
51.84 3.19149
51.85 3.19178
51.86 3.19207
51.87 3.19237
51.88 3.19266
51.89 3.19295
51.9 3.19325
51.91 3.19354
51.92 3.19383
51.93 3.19413
51.94 3.19442
51.95 3.19471
51.96 3.19501
51.97 3.1953
51.98 3.19559
51.99 3.19589
52 3.19618
52.01 3.19647
52.02 3.19677
52.03 3.19706
52.04 3.19735
52.05 3.19765
52.06 3.19794
52.07 3.19823
52.08 3.19853
52.09 3.19882
52.1 3.19911
52.11 3.1994
52.12 3.1997
52.13 3.19999
52.14 3.20028
52.15 3.20058
52.16 3.20087
52.17 3.20116
52.18 3.20145
52.19 3.20175
52.2 3.20204
52.21 3.20233
52.22 3.20263
52.23 3.20292
52.24 3.20321
52.25 3.2035
52.26 3.2038
52.27 3.20409
52.28 3.20438
52.29 3.20467
52.3 3.20496
52.31 3.20526
52.32 3.20555
52.33 3.20584
52.34 3.20613
52.35 3.20643
52.36 3.20672
52.37 3.20701
52.38 3.2073
52.39 3.2076
52.4 3.20789
52.41 3.20818
52.42 3.20847
52.43 3.20876
52.44 3.20906
52.45 3.20935
52.46 3.20964
52.47 3.20993
52.48 3.21022
52.49 3.21051
52.5 3.21081
52.51 3.2111
52.52 3.21139
52.53 3.21168
52.54 3.21197
52.55 3.21226
52.56 3.21256
52.57 3.21285
52.58 3.21314
52.59 3.21343
52.6 3.21372
52.61 3.21401
52.62 3.21431
52.63 3.2146
52.64 3.21489
52.65 3.21518
52.66 3.21547
52.67 3.21576
52.68 3.21605
52.69 3.21635
52.7 3.21664
52.71 3.21693
52.72 3.21722
52.73 3.21751
52.74 3.2178
52.75 3.21809
52.76 3.21838
52.77 3.21867
52.78 3.21897
52.79 3.21926
52.8 3.21955
52.81 3.21984
52.82 3.22013
52.83 3.22042
52.84 3.22071
52.85 3.221
52.86 3.22129
52.87 3.22158
52.88 3.22187
52.89 3.22216
52.9 3.22246
52.91 3.22275
52.92 3.22304
52.93 3.22333
52.94 3.22362
52.95 3.22391
52.96 3.2242
52.97 3.22449
52.98 3.22478
52.99 3.22507
53 3.22536
53.01 3.22565
53.02 3.22594
53.03 3.22623
53.04 3.22652
53.05 3.22681
53.06 3.2271
53.07 3.22739
53.08 3.22768
53.09 3.22797
53.1 3.22826
53.11 3.22855
53.12 3.22884
53.13 3.22913
53.14 3.22942
53.15 3.22971
53.16 3.23
53.17 3.23029
53.18 3.23058
53.19 3.23087
53.2 3.23116
53.21 3.23145
53.22 3.23174
53.23 3.23203
53.24 3.23232
53.25 3.23261
53.26 3.2329
53.27 3.23319
53.28 3.23348
53.29 3.23377
53.3 3.23406
53.31 3.23435
53.32 3.23464
53.33 3.23493
53.34 3.23522
53.35 3.23551
53.36 3.2358
53.37 3.23608
53.38 3.23637
53.39 3.23666
53.4 3.23695
53.41 3.23724
53.42 3.23753
53.43 3.23782
53.44 3.23811
53.45 3.2384
53.46 3.23869
53.47 3.23898
53.48 3.23927
53.49 3.23955
53.5 3.23984
53.51 3.24013
53.52 3.24042
53.53 3.24071
53.54 3.241
53.55 3.24129
53.56 3.24158
53.57 3.24187
53.58 3.24215
53.59 3.24244
53.6 3.24273
53.61 3.24302
53.62 3.24331
53.63 3.2436
53.64 3.24389
53.65 3.24417
53.66 3.24446
53.67 3.24475
53.68 3.24504
53.69 3.24533
53.7 3.24562
53.71 3.24591
53.72 3.24619
53.73 3.24648
53.74 3.24677
53.75 3.24706
53.76 3.24735
53.77 3.24764
53.78 3.24792
53.79 3.24821
53.8 3.2485
53.81 3.24879
53.82 3.24908
53.83 3.24936
53.84 3.24965
53.85 3.24994
53.86 3.25023
53.87 3.25052
53.88 3.2508
53.89 3.25109
53.9 3.25138
53.91 3.25167
53.92 3.25196
53.93 3.25224
53.94 3.25253
53.95 3.25282
53.96 3.25311
53.97 3.25339
53.98 3.25368
53.99 3.25397
54 3.25426
54.01 3.25454
54.02 3.25483
54.03 3.25512
54.04 3.25541
54.05 3.25569
54.06 3.25598
54.07 3.25627
54.08 3.25656
54.09 3.25684
54.1 3.25713
54.11 3.25742
54.12 3.25771
54.13 3.25799
54.14 3.25828
54.15 3.25857
54.16 3.25885
54.17 3.25914
54.18 3.25943
54.19 3.25972
54.2 3.26
54.21 3.26029
54.22 3.26058
54.23 3.26086
54.24 3.26115
54.25 3.26144
54.26 3.26172
54.27 3.26201
54.28 3.2623
54.29 3.26258
54.3 3.26287
54.31 3.26316
54.32 3.26344
54.33 3.26373
54.34 3.26402
54.35 3.2643
54.36 3.26459
54.37 3.26488
54.38 3.26516
54.39 3.26545
54.4 3.26574
54.41 3.26602
54.42 3.26631
54.43 3.2666
54.44 3.26688
54.45 3.26717
54.46 3.26746
54.47 3.26774
54.48 3.26803
54.49 3.26831
54.5 3.2686
54.51 3.26889
54.52 3.26917
54.53 3.26946
54.54 3.26974
54.55 3.27003
54.56 3.27032
54.57 3.2706
54.58 3.27089
54.59 3.27117
54.6 3.27146
54.61 3.27175
54.62 3.27203
54.63 3.27232
54.64 3.2726
54.65 3.27289
54.66 3.27318
54.67 3.27346
54.68 3.27375
54.69 3.27403
54.7 3.27432
54.71 3.2746
54.72 3.27489
54.73 3.27518
54.74 3.27546
54.75 3.27575
54.76 3.27603
54.77 3.27632
54.78 3.2766
54.79 3.27689
54.8 3.27717
54.81 3.27746
54.82 3.27774
54.83 3.27803
54.84 3.27831
54.85 3.2786
54.86 3.27889
54.87 3.27917
54.88 3.27946
54.89 3.27974
54.9 3.28003
54.91 3.28031
54.92 3.2806
54.93 3.28088
54.94 3.28117
54.95 3.28145
54.96 3.28174
54.97 3.28202
54.98 3.28231
54.99 3.28259
55 3.28288
55.01 3.28316
55.02 3.28344
55.03 3.28373
55.04 3.28401
55.05 3.2843
55.06 3.28458
55.07 3.28487
55.08 3.28515
55.09 3.28544
55.1 3.28572
55.11 3.28601
55.12 3.28629
55.13 3.28658
55.14 3.28686
55.15 3.28714
55.16 3.28743
55.17 3.28771
55.18 3.288
55.19 3.28828
55.2 3.28857
55.21 3.28885
55.22 3.28913
55.23 3.28942
55.24 3.2897
55.25 3.28999
55.26 3.29027
55.27 3.29056
55.28 3.29084
55.29 3.29112
55.3 3.29141
55.31 3.29169
55.32 3.29198
55.33 3.29226
55.34 3.29254
55.35 3.29283
55.36 3.29311
55.37 3.29339
55.38 3.29368
55.39 3.29396
55.4 3.29425
55.41 3.29453
55.42 3.29481
55.43 3.2951
55.44 3.29538
55.45 3.29566
55.46 3.29595
55.47 3.29623
55.48 3.29651
55.49 3.2968
55.5 3.29708
55.51 3.29737
55.52 3.29765
55.53 3.29793
55.54 3.29822
55.55 3.2985
55.56 3.29878
55.57 3.29907
55.58 3.29935
55.59 3.29963
55.6 3.29992
55.61 3.3002
55.62 3.30048
55.63 3.30076
55.64 3.30105
55.65 3.30133
55.66 3.30161
55.67 3.3019
55.68 3.30218
55.69 3.30246
55.7 3.30275
55.71 3.30303
55.72 3.30331
55.73 3.30359
55.74 3.30388
55.75 3.30416
55.76 3.30444
55.77 3.30473
55.78 3.30501
55.79 3.30529
55.8 3.30557
55.81 3.30586
55.82 3.30614
55.83 3.30642
55.84 3.3067
55.85 3.30699
55.86 3.30727
55.87 3.30755
55.88 3.30783
55.89 3.30812
55.9 3.3084
55.91 3.30868
55.92 3.30896
55.93 3.30925
55.94 3.30953
55.95 3.30981
55.96 3.31009
55.97 3.31037
55.98 3.31066
55.99 3.31094
56 3.31122
56.01 3.3115
56.02 3.31179
56.03 3.31207
56.04 3.31235
56.05 3.31263
56.06 3.31291
56.07 3.3132
56.08 3.31348
56.09 3.31376
56.1 3.31404
56.11 3.31432
56.12 3.3146
56.13 3.31489
56.14 3.31517
56.15 3.31545
56.16 3.31573
56.17 3.31601
56.18 3.31629
56.19 3.31658
56.2 3.31686
56.21 3.31714
56.22 3.31742
56.23 3.3177
56.24 3.31798
56.25 3.31827
56.26 3.31855
56.27 3.31883
56.28 3.31911
56.29 3.31939
56.3 3.31967
56.31 3.31995
56.32 3.32023
56.33 3.32052
56.34 3.3208
56.35 3.32108
56.36 3.32136
56.37 3.32164
56.38 3.32192
56.39 3.3222
56.4 3.32248
56.41 3.32276
56.42 3.32305
56.43 3.32333
56.44 3.32361
56.45 3.32389
56.46 3.32417
56.47 3.32445
56.48 3.32473
56.49 3.32501
56.5 3.32529
56.51 3.32557
56.52 3.32585
56.53 3.32614
56.54 3.32642
56.55 3.3267
56.56 3.32698
56.57 3.32726
56.58 3.32754
56.59 3.32782
56.6 3.3281
56.61 3.32838
56.62 3.32866
56.63 3.32894
56.64 3.32922
56.65 3.3295
56.66 3.32978
56.67 3.33006
56.68 3.33034
56.69 3.33062
56.7 3.3309
56.71 3.33118
56.72 3.33146
56.73 3.33174
56.74 3.33202
56.75 3.3323
56.76 3.33258
56.77 3.33286
56.78 3.33314
56.79 3.33342
56.8 3.3337
56.81 3.33398
56.82 3.33426
56.83 3.33454
56.84 3.33482
56.85 3.3351
56.86 3.33538
56.87 3.33566
56.88 3.33594
56.89 3.33622
56.9 3.3365
56.91 3.33678
56.92 3.33706
56.93 3.33734
56.94 3.33762
56.95 3.3379
56.96 3.33818
56.97 3.33846
56.98 3.33874
56.99 3.33902
57 3.3393
57.01 3.33958
57.02 3.33986
57.03 3.34014
57.04 3.34042
57.05 3.3407
57.06 3.34097
57.07 3.34125
57.08 3.34153
57.09 3.34181
57.1 3.34209
57.11 3.34237
57.12 3.34265
57.13 3.34293
57.14 3.34321
57.15 3.34349
57.16 3.34377
57.17 3.34405
57.18 3.34432
57.19 3.3446
57.2 3.34488
57.21 3.34516
57.22 3.34544
57.23 3.34572
57.24 3.346
57.25 3.34628
57.26 3.34656
57.27 3.34683
57.28 3.34711
57.29 3.34739
57.3 3.34767
57.31 3.34795
57.32 3.34823
57.33 3.34851
57.34 3.34878
57.35 3.34906
57.36 3.34934
57.37 3.34962
57.38 3.3499
57.39 3.35018
57.4 3.35046
57.41 3.35073
57.42 3.35101
57.43 3.35129
57.44 3.35157
57.45 3.35185
57.46 3.35213
57.47 3.3524
57.48 3.35268
57.49 3.35296
57.5 3.35324
57.51 3.35352
57.52 3.35379
57.53 3.35407
57.54 3.35435
57.55 3.35463
57.56 3.35491
57.57 3.35518
57.58 3.35546
57.59 3.35574
57.6 3.35602
57.61 3.3563
57.62 3.35657
57.63 3.35685
57.64 3.35713
57.65 3.35741
57.66 3.35768
57.67 3.35796
57.68 3.35824
57.69 3.35852
57.7 3.3588
57.71 3.35907
57.72 3.35935
57.73 3.35963
57.74 3.35991
57.75 3.36018
57.76 3.36046
57.77 3.36074
57.78 3.36102
57.79 3.36129
57.8 3.36157
57.81 3.36185
57.82 3.36213
57.83 3.3624
57.84 3.36268
57.85 3.36296
57.86 3.36323
57.87 3.36351
57.88 3.36379
57.89 3.36407
57.9 3.36434
57.91 3.36462
57.92 3.3649
57.93 3.36517
57.94 3.36545
57.95 3.36573
57.96 3.366
57.97 3.36628
57.98 3.36656
57.99 3.36684
58 3.36711
58.01 3.36739
58.02 3.36767
58.03 3.36794
58.04 3.36822
58.05 3.3685
58.06 3.36877
58.07 3.36905
58.08 3.36933
58.09 3.3696
58.1 3.36988
58.11 3.37016
58.12 3.37043
58.13 3.37071
58.14 3.37099
58.15 3.37126
58.16 3.37154
58.17 3.37181
58.18 3.37209
58.19 3.37237
58.2 3.37264
58.21 3.37292
58.22 3.3732
58.23 3.37347
58.24 3.37375
58.25 3.37403
58.26 3.3743
58.27 3.37458
58.28 3.37485
58.29 3.37513
58.3 3.37541
58.31 3.37568
58.32 3.37596
58.33 3.37623
58.34 3.37651
58.35 3.37679
58.36 3.37706
58.37 3.37734
58.38 3.37761
58.39 3.37789
58.4 3.37817
58.41 3.37844
58.42 3.37872
58.43 3.37899
58.44 3.37927
58.45 3.37954
58.46 3.37982
58.47 3.3801
58.48 3.38037
58.49 3.38065
58.5 3.38092
58.51 3.3812
58.52 3.38147
58.53 3.38175
58.54 3.38202
58.55 3.3823
58.56 3.38257
58.57 3.38285
58.58 3.38313
58.59 3.3834
58.6 3.38368
58.61 3.38395
58.62 3.38423
58.63 3.3845
58.64 3.38478
58.65 3.38505
58.66 3.38533
58.67 3.3856
58.68 3.38588
58.69 3.38615
58.7 3.38643
58.71 3.3867
58.72 3.38698
58.73 3.38725
58.74 3.38753
58.75 3.3878
58.76 3.38808
58.77 3.38835
58.78 3.38863
58.79 3.3889
58.8 3.38918
58.81 3.38945
58.82 3.38973
58.83 3.39
58.84 3.39028
58.85 3.39055
58.86 3.39082
58.87 3.3911
58.88 3.39137
58.89 3.39165
58.9 3.39192
58.91 3.3922
58.92 3.39247
58.93 3.39275
58.94 3.39302
58.95 3.3933
58.96 3.39357
58.97 3.39384
58.98 3.39412
58.99 3.39439
59 3.39467
59.01 3.39494
59.02 3.39522
59.03 3.39549
59.04 3.39576
59.05 3.39604
59.06 3.39631
59.07 3.39659
59.08 3.39686
59.09 3.39713
59.1 3.39741
59.11 3.39768
59.12 3.39796
59.13 3.39823
59.14 3.3985
59.15 3.39878
59.16 3.39905
59.17 3.39933
59.18 3.3996
59.19 3.39987
59.2 3.40015
59.21 3.40042
59.22 3.40069
59.23 3.40097
59.24 3.40124
59.25 3.40152
59.26 3.40179
59.27 3.40206
59.28 3.40234
59.29 3.40261
59.3 3.40288
59.31 3.40316
59.32 3.40343
59.33 3.4037
59.34 3.40398
59.35 3.40425
59.36 3.40452
59.37 3.4048
59.38 3.40507
59.39 3.40534
59.4 3.40562
59.41 3.40589
59.42 3.40616
59.43 3.40644
59.44 3.40671
59.45 3.40698
59.46 3.40726
59.47 3.40753
59.48 3.4078
59.49 3.40808
59.5 3.40835
59.51 3.40862
59.52 3.40889
59.53 3.40917
59.54 3.40944
59.55 3.40971
59.56 3.40999
59.57 3.41026
59.58 3.41053
59.59 3.4108
59.6 3.41108
59.61 3.41135
59.62 3.41162
59.63 3.41189
59.64 3.41217
59.65 3.41244
59.66 3.41271
59.67 3.41299
59.68 3.41326
59.69 3.41353
59.7 3.4138
59.71 3.41408
59.72 3.41435
59.73 3.41462
59.74 3.41489
59.75 3.41517
59.76 3.41544
59.77 3.41571
59.78 3.41598
59.79 3.41625
59.8 3.41653
59.81 3.4168
59.82 3.41707
59.83 3.41734
59.84 3.41762
59.85 3.41789
59.86 3.41816
59.87 3.41843
59.88 3.4187
59.89 3.41898
59.9 3.41925
59.91 3.41952
59.92 3.41979
59.93 3.42006
59.94 3.42034
59.95 3.42061
59.96 3.42088
59.97 3.42115
59.98 3.42142
59.99 3.42169
60 3.42197
60.01 3.42224
60.02 3.42251
60.03 3.42278
60.04 3.42305
60.05 3.42332
60.06 3.4236
60.07 3.42387
60.08 3.42414
60.09 3.42441
60.1 3.42468
60.11 3.42495
60.12 3.42523
60.13 3.4255
60.14 3.42577
60.15 3.42604
60.16 3.42631
60.17 3.42658
60.18 3.42685
60.19 3.42712
60.2 3.4274
60.21 3.42767
60.22 3.42794
60.23 3.42821
60.24 3.42848
60.25 3.42875
60.26 3.42902
60.27 3.42929
60.28 3.42956
60.29 3.42984
60.3 3.43011
60.31 3.43038
60.32 3.43065
60.33 3.43092
60.34 3.43119
60.35 3.43146
60.36 3.43173
60.37 3.432
60.38 3.43227
60.39 3.43254
60.4 3.43282
60.41 3.43309
60.42 3.43336
60.43 3.43363
60.44 3.4339
60.45 3.43417
60.46 3.43444
60.47 3.43471
60.48 3.43498
60.49 3.43525
60.5 3.43552
60.51 3.43579
60.52 3.43606
60.53 3.43633
60.54 3.4366
60.55 3.43687
60.56 3.43714
60.57 3.43741
60.58 3.43768
60.59 3.43795
60.6 3.43823
60.61 3.4385
60.62 3.43877
60.63 3.43904
60.64 3.43931
60.65 3.43958
60.66 3.43985
60.67 3.44012
60.68 3.44039
60.69 3.44066
60.7 3.44093
60.71 3.4412
60.72 3.44147
60.73 3.44174
60.74 3.44201
60.75 3.44228
60.76 3.44255
60.77 3.44282
60.78 3.44309
60.79 3.44335
60.8 3.44362
60.81 3.44389
60.82 3.44416
60.83 3.44443
60.84 3.4447
60.85 3.44497
60.86 3.44524
60.87 3.44551
60.88 3.44578
60.89 3.44605
60.9 3.44632
60.91 3.44659
60.92 3.44686
60.93 3.44713
60.94 3.4474
60.95 3.44767
60.96 3.44794
60.97 3.44821
60.98 3.44848
60.99 3.44875
61 3.44901
61.01 3.44928
61.02 3.44955
61.03 3.44982
61.04 3.45009
61.05 3.45036
61.06 3.45063
61.07 3.4509
61.08 3.45117
61.09 3.45144
61.1 3.45171
61.11 3.45197
61.12 3.45224
61.13 3.45251
61.14 3.45278
61.15 3.45305
61.16 3.45332
61.17 3.45359
61.18 3.45386
61.19 3.45413
61.2 3.45439
61.21 3.45466
61.22 3.45493
61.23 3.4552
61.24 3.45547
61.25 3.45574
61.26 3.45601
61.27 3.45627
61.28 3.45654
61.29 3.45681
61.3 3.45708
61.31 3.45735
61.32 3.45762
61.33 3.45789
61.34 3.45815
61.35 3.45842
61.36 3.45869
61.37 3.45896
61.38 3.45923
61.39 3.4595
61.4 3.45976
61.41 3.46003
61.42 3.4603
61.43 3.46057
61.44 3.46084
61.45 3.46111
61.46 3.46137
61.47 3.46164
61.48 3.46191
61.49 3.46218
61.5 3.46245
61.51 3.46271
61.52 3.46298
61.53 3.46325
61.54 3.46352
61.55 3.46379
61.56 3.46405
61.57 3.46432
61.58 3.46459
61.59 3.46486
61.6 3.46512
61.61 3.46539
61.62 3.46566
61.63 3.46593
61.64 3.4662
61.65 3.46646
61.66 3.46673
61.67 3.467
61.68 3.46727
61.69 3.46753
61.7 3.4678
61.71 3.46807
61.72 3.46834
61.73 3.4686
61.74 3.46887
61.75 3.46914
61.76 3.46941
61.77 3.46967
61.78 3.46994
61.79 3.47021
61.8 3.47047
61.81 3.47074
61.82 3.47101
61.83 3.47128
61.84 3.47154
61.85 3.47181
61.86 3.47208
61.87 3.47235
61.88 3.47261
61.89 3.47288
61.9 3.47315
61.91 3.47341
61.92 3.47368
61.93 3.47395
61.94 3.47421
61.95 3.47448
61.96 3.47475
61.97 3.47502
61.98 3.47528
61.99 3.47555
62 3.47582
62.01 3.47608
62.02 3.47635
62.03 3.47662
62.04 3.47688
62.05 3.47715
62.06 3.47742
62.07 3.47768
62.08 3.47795
62.09 3.47822
62.1 3.47848
62.11 3.47875
62.12 3.47902
62.13 3.47928
62.14 3.47955
62.15 3.47981
62.16 3.48008
62.17 3.48035
62.18 3.48061
62.19 3.48088
62.2 3.48115
62.21 3.48141
62.22 3.48168
62.23 3.48195
62.24 3.48221
62.25 3.48248
62.26 3.48274
62.27 3.48301
62.28 3.48328
62.29 3.48354
62.3 3.48381
62.31 3.48407
62.32 3.48434
62.33 3.48461
62.34 3.48487
62.35 3.48514
62.36 3.4854
62.37 3.48567
62.38 3.48594
62.39 3.4862
62.4 3.48647
62.41 3.48673
62.42 3.487
62.43 3.48726
62.44 3.48753
62.45 3.4878
62.46 3.48806
62.47 3.48833
62.48 3.48859
62.49 3.48886
62.5 3.48912
62.51 3.48939
62.52 3.48966
62.53 3.48992
62.54 3.49019
62.55 3.49045
62.56 3.49072
62.57 3.49098
62.58 3.49125
62.59 3.49151
62.6 3.49178
62.61 3.49204
62.62 3.49231
62.63 3.49257
62.64 3.49284
62.65 3.49311
62.66 3.49337
62.67 3.49364
62.68 3.4939
62.69 3.49417
62.7 3.49443
62.71 3.4947
62.72 3.49496
62.73 3.49523
62.74 3.49549
62.75 3.49576
62.76 3.49602
62.77 3.49629
62.78 3.49655
62.79 3.49682
62.8 3.49708
62.81 3.49735
62.82 3.49761
62.83 3.49788
62.84 3.49814
62.85 3.4984
62.86 3.49867
62.87 3.49893
62.88 3.4992
62.89 3.49946
62.9 3.49973
62.91 3.49999
62.92 3.50026
62.93 3.50052
62.94 3.50079
62.95 3.50105
62.96 3.50132
62.97 3.50158
62.98 3.50184
62.99 3.50211
63 3.50237
63.01 3.50264
63.02 3.5029
63.03 3.50317
63.04 3.50343
63.05 3.50369
63.06 3.50396
63.07 3.50422
63.08 3.50449
63.09 3.50475
63.1 3.50502
63.11 3.50528
63.12 3.50554
63.13 3.50581
63.14 3.50607
63.15 3.50634
63.16 3.5066
63.17 3.50686
63.18 3.50713
63.19 3.50739
63.2 3.50766
63.21 3.50792
63.22 3.50818
63.23 3.50845
63.24 3.50871
63.25 3.50897
63.26 3.50924
63.27 3.5095
63.28 3.50977
63.29 3.51003
63.3 3.51029
63.31 3.51056
63.32 3.51082
63.33 3.51108
63.34 3.51135
63.35 3.51161
63.36 3.51188
63.37 3.51214
63.38 3.5124
63.39 3.51267
63.4 3.51293
63.41 3.51319
63.42 3.51346
63.43 3.51372
63.44 3.51398
63.45 3.51425
63.46 3.51451
63.47 3.51477
63.48 3.51504
63.49 3.5153
63.5 3.51556
63.51 3.51583
63.52 3.51609
63.53 3.51635
63.54 3.51661
63.55 3.51688
63.56 3.51714
63.57 3.5174
63.58 3.51767
63.59 3.51793
63.6 3.51819
63.61 3.51846
63.62 3.51872
63.63 3.51898
63.64 3.51924
63.65 3.51951
63.66 3.51977
63.67 3.52003
63.68 3.5203
63.69 3.52056
63.7 3.52082
63.71 3.52108
63.72 3.52135
63.73 3.52161
63.74 3.52187
63.75 3.52213
63.76 3.5224
63.77 3.52266
63.78 3.52292
63.79 3.52318
63.8 3.52345
63.81 3.52371
63.82 3.52397
63.83 3.52423
63.84 3.5245
63.85 3.52476
63.86 3.52502
63.87 3.52528
63.88 3.52555
63.89 3.52581
63.9 3.52607
63.91 3.52633
63.92 3.52659
63.93 3.52686
63.94 3.52712
63.95 3.52738
63.96 3.52764
63.97 3.52791
63.98 3.52817
63.99 3.52843
64 3.52869
64.01 3.52895
64.02 3.52922
64.03 3.52948
64.04 3.52974
64.05 3.53
64.06 3.53026
64.07 3.53052
64.08 3.53079
64.09 3.53105
64.1 3.53131
64.11 3.53157
64.12 3.53183
64.13 3.5321
64.14 3.53236
64.15 3.53262
64.16 3.53288
64.17 3.53314
64.18 3.5334
64.19 3.53366
64.2 3.53393
64.21 3.53419
64.22 3.53445
64.23 3.53471
64.24 3.53497
64.25 3.53523
64.26 3.53549
64.27 3.53576
64.28 3.53602
64.29 3.53628
64.3 3.53654
64.31 3.5368
64.32 3.53706
64.33 3.53732
64.34 3.53759
64.35 3.53785
64.36 3.53811
64.37 3.53837
64.38 3.53863
64.39 3.53889
64.4 3.53915
64.41 3.53941
64.42 3.53967
64.43 3.53993
64.44 3.5402
64.45 3.54046
64.46 3.54072
64.47 3.54098
64.48 3.54124
64.49 3.5415
64.5 3.54176
64.51 3.54202
64.52 3.54228
64.53 3.54254
64.54 3.5428
64.55 3.54307
64.56 3.54333
64.57 3.54359
64.58 3.54385
64.59 3.54411
64.6 3.54437
64.61 3.54463
64.62 3.54489
64.63 3.54515
64.64 3.54541
64.65 3.54567
64.66 3.54593
64.67 3.54619
64.68 3.54645
64.69 3.54671
64.7 3.54697
64.71 3.54723
64.72 3.54749
64.73 3.54775
64.74 3.54801
64.75 3.54827
64.76 3.54853
64.77 3.54879
64.78 3.54905
64.79 3.54932
64.8 3.54958
64.81 3.54984
64.82 3.5501
64.83 3.55036
64.84 3.55062
64.85 3.55088
64.86 3.55114
64.87 3.5514
64.88 3.55166
64.89 3.55192
64.9 3.55218
64.91 3.55244
64.92 3.55269
64.93 3.55295
64.94 3.55321
64.95 3.55347
64.96 3.55373
64.97 3.55399
64.98 3.55425
64.99 3.55451
65 3.55477
65.01 3.55503
65.02 3.55529
65.03 3.55555
65.04 3.55581
65.05 3.55607
65.06 3.55633
65.07 3.55659
65.08 3.55685
65.09 3.55711
65.1 3.55737
65.11 3.55763
65.12 3.55789
65.13 3.55815
65.14 3.55841
65.15 3.55866
65.16 3.55892
65.17 3.55918
65.18 3.55944
65.19 3.5597
65.2 3.55996
65.21 3.56022
65.22 3.56048
65.23 3.56074
65.24 3.561
65.25 3.56126
65.26 3.56152
65.27 3.56177
65.28 3.56203
65.29 3.56229
65.3 3.56255
65.31 3.56281
65.32 3.56307
65.33 3.56333
65.34 3.56359
65.35 3.56385
65.36 3.56411
65.37 3.56436
65.38 3.56462
65.39 3.56488
65.4 3.56514
65.41 3.5654
65.42 3.56566
65.43 3.56592
65.44 3.56617
65.45 3.56643
65.46 3.56669
65.47 3.56695
65.48 3.56721
65.49 3.56747
65.5 3.56773
65.51 3.56798
65.52 3.56824
65.53 3.5685
65.54 3.56876
65.55 3.56902
65.56 3.56928
65.57 3.56954
65.58 3.56979
65.59 3.57005
65.6 3.57031
65.61 3.57057
65.62 3.57083
65.63 3.57108
65.64 3.57134
65.65 3.5716
65.66 3.57186
65.67 3.57212
65.68 3.57238
65.69 3.57263
65.7 3.57289
65.71 3.57315
65.72 3.57341
65.73 3.57367
65.74 3.57392
65.75 3.57418
65.76 3.57444
65.77 3.5747
65.78 3.57495
65.79 3.57521
65.8 3.57547
65.81 3.57573
65.82 3.57599
65.83 3.57624
65.84 3.5765
65.85 3.57676
65.86 3.57702
65.87 3.57727
65.88 3.57753
65.89 3.57779
65.9 3.57805
65.91 3.5783
65.92 3.57856
65.93 3.57882
65.94 3.57908
65.95 3.57933
65.96 3.57959
65.97 3.57985
65.98 3.58011
65.99 3.58036
66 3.58062
66.01 3.58088
66.02 3.58114
66.03 3.58139
66.04 3.58165
66.05 3.58191
66.06 3.58217
66.07 3.58242
66.08 3.58268
66.09 3.58294
66.1 3.58319
66.11 3.58345
66.12 3.58371
66.13 3.58397
66.14 3.58422
66.15 3.58448
66.16 3.58474
66.17 3.58499
66.18 3.58525
66.19 3.58551
66.2 3.58576
66.21 3.58602
66.22 3.58628
66.23 3.58653
66.24 3.58679
66.25 3.58705
66.26 3.58731
66.27 3.58756
66.28 3.58782
66.29 3.58808
66.3 3.58833
66.31 3.58859
66.32 3.58885
66.33 3.5891
66.34 3.58936
66.35 3.58961
66.36 3.58987
66.37 3.59013
66.38 3.59038
66.39 3.59064
66.4 3.5909
66.41 3.59115
66.42 3.59141
66.43 3.59167
66.44 3.59192
66.45 3.59218
66.46 3.59244
66.47 3.59269
66.48 3.59295
66.49 3.5932
66.5 3.59346
66.51 3.59372
66.52 3.59397
66.53 3.59423
66.54 3.59448
66.55 3.59474
66.56 3.595
66.57 3.59525
66.58 3.59551
66.59 3.59577
66.6 3.59602
66.61 3.59628
66.62 3.59653
66.63 3.59679
66.64 3.59704
66.65 3.5973
66.66 3.59756
66.67 3.59781
66.68 3.59807
66.69 3.59832
66.7 3.59858
66.71 3.59884
66.72 3.59909
66.73 3.59935
66.74 3.5996
66.75 3.59986
66.76 3.60011
66.77 3.60037
66.78 3.60062
66.79 3.60088
66.8 3.60114
66.81 3.60139
66.82 3.60165
66.83 3.6019
66.84 3.60216
66.85 3.60241
66.86 3.60267
66.87 3.60292
66.88 3.60318
66.89 3.60343
66.9 3.60369
66.91 3.60395
66.92 3.6042
66.93 3.60446
66.94 3.60471
66.95 3.60497
66.96 3.60522
66.97 3.60548
66.98 3.60573
66.99 3.60599
67 3.60624
67.01 3.6065
67.02 3.60675
67.03 3.60701
67.04 3.60726
67.05 3.60752
67.06 3.60777
67.07 3.60803
67.08 3.60828
67.09 3.60854
67.1 3.60879
67.11 3.60905
67.12 3.6093
67.13 3.60956
67.14 3.60981
67.15 3.61007
67.16 3.61032
67.17 3.61057
67.18 3.61083
67.19 3.61108
67.2 3.61134
67.21 3.61159
67.22 3.61185
67.23 3.6121
67.24 3.61236
67.25 3.61261
67.26 3.61287
67.27 3.61312
67.28 3.61337
67.29 3.61363
67.3 3.61388
67.31 3.61414
67.32 3.61439
67.33 3.61465
67.34 3.6149
67.35 3.61516
67.36 3.61541
67.37 3.61566
67.38 3.61592
67.39 3.61617
67.4 3.61643
67.41 3.61668
67.42 3.61693
67.43 3.61719
67.44 3.61744
67.45 3.6177
67.46 3.61795
67.47 3.6182
67.48 3.61846
67.49 3.61871
67.5 3.61897
67.51 3.61922
67.52 3.61947
67.53 3.61973
67.54 3.61998
67.55 3.62024
67.56 3.62049
67.57 3.62074
67.58 3.621
67.59 3.62125
67.6 3.6215
67.61 3.62176
67.62 3.62201
67.63 3.62227
67.64 3.62252
67.65 3.62277
67.66 3.62303
67.67 3.62328
67.68 3.62353
67.69 3.62379
67.7 3.62404
67.71 3.62429
67.72 3.62455
67.73 3.6248
67.74 3.62505
67.75 3.62531
67.76 3.62556
67.77 3.62581
67.78 3.62607
67.79 3.62632
67.8 3.62657
67.81 3.62683
67.82 3.62708
67.83 3.62733
67.84 3.62759
67.85 3.62784
67.86 3.62809
67.87 3.62835
67.88 3.6286
67.89 3.62885
67.9 3.62911
67.91 3.62936
67.92 3.62961
67.93 3.62987
67.94 3.63012
67.95 3.63037
67.96 3.63062
67.97 3.63088
67.98 3.63113
67.99 3.63138
68 3.63164
68.01 3.63189
68.02 3.63214
68.03 3.63239
68.04 3.63265
68.05 3.6329
68.06 3.63315
68.07 3.6334
68.08 3.63366
68.09 3.63391
68.1 3.63416
68.11 3.63441
68.12 3.63467
68.13 3.63492
68.14 3.63517
68.15 3.63543
68.16 3.63568
68.17 3.63593
68.18 3.63618
68.19 3.63643
68.2 3.63669
68.21 3.63694
68.22 3.63719
68.23 3.63744
68.24 3.6377
68.25 3.63795
68.26 3.6382
68.27 3.63845
68.28 3.63871
68.29 3.63896
68.3 3.63921
68.31 3.63946
68.32 3.63971
68.33 3.63997
68.34 3.64022
68.35 3.64047
68.36 3.64072
68.37 3.64097
68.38 3.64123
68.39 3.64148
68.4 3.64173
68.41 3.64198
68.42 3.64223
68.43 3.64249
68.44 3.64274
68.45 3.64299
68.46 3.64324
68.47 3.64349
68.48 3.64374
68.49 3.644
68.5 3.64425
68.51 3.6445
68.52 3.64475
68.53 3.645
68.54 3.64526
68.55 3.64551
68.56 3.64576
68.57 3.64601
68.58 3.64626
68.59 3.64651
68.6 3.64676
68.61 3.64702
68.62 3.64727
68.63 3.64752
68.64 3.64777
68.65 3.64802
68.66 3.64827
68.67 3.64852
68.68 3.64878
68.69 3.64903
68.7 3.64928
68.71 3.64953
68.72 3.64978
68.73 3.65003
68.74 3.65028
68.75 3.65053
68.76 3.65079
68.77 3.65104
68.78 3.65129
68.79 3.65154
68.8 3.65179
68.81 3.65204
68.82 3.65229
68.83 3.65254
68.84 3.65279
68.85 3.65304
68.86 3.6533
68.87 3.65355
68.88 3.6538
68.89 3.65405
68.9 3.6543
68.91 3.65455
68.92 3.6548
68.93 3.65505
68.94 3.6553
68.95 3.65555
68.96 3.6558
68.97 3.65605
68.98 3.6563
68.99 3.65656
69 3.65681
69.01 3.65706
69.02 3.65731
69.03 3.65756
69.04 3.65781
69.05 3.65806
69.06 3.65831
69.07 3.65856
69.08 3.65881
69.09 3.65906
69.1 3.65931
69.11 3.65956
69.12 3.65981
69.13 3.66006
69.14 3.66031
69.15 3.66056
69.16 3.66081
69.17 3.66106
69.18 3.66131
69.19 3.66156
69.2 3.66181
69.21 3.66206
69.22 3.66231
69.23 3.66256
69.24 3.66281
69.25 3.66306
69.26 3.66331
69.27 3.66356
69.28 3.66381
69.29 3.66406
69.3 3.66431
69.31 3.66456
69.32 3.66481
69.33 3.66506
69.34 3.66531
69.35 3.66556
69.36 3.66581
69.37 3.66606
69.38 3.66631
69.39 3.66656
69.4 3.66681
69.41 3.66706
69.42 3.66731
69.43 3.66756
69.44 3.66781
69.45 3.66806
69.46 3.66831
69.47 3.66856
69.48 3.66881
69.49 3.66906
69.5 3.66931
69.51 3.66956
69.52 3.66981
69.53 3.67006
69.54 3.67031
69.55 3.67056
69.56 3.67081
69.57 3.67105
69.58 3.6713
69.59 3.67155
69.6 3.6718
69.61 3.67205
69.62 3.6723
69.63 3.67255
69.64 3.6728
69.65 3.67305
69.66 3.6733
69.67 3.67355
69.68 3.6738
69.69 3.67405
69.7 3.67429
69.71 3.67454
69.72 3.67479
69.73 3.67504
69.74 3.67529
69.75 3.67554
69.76 3.67579
69.77 3.67604
69.78 3.67629
69.79 3.67654
69.8 3.67678
69.81 3.67703
69.82 3.67728
69.83 3.67753
69.84 3.67778
69.85 3.67803
69.86 3.67828
69.87 3.67853
69.88 3.67877
69.89 3.67902
69.9 3.67927
69.91 3.67952
69.92 3.67977
69.93 3.68002
69.94 3.68027
69.95 3.68051
69.96 3.68076
69.97 3.68101
69.98 3.68126
69.99 3.68151
70 3.68176
70.01 3.68201
70.02 3.68225
70.03 3.6825
70.04 3.68275
70.05 3.683
70.06 3.68325
70.07 3.6835
70.08 3.68374
70.09 3.68399
70.1 3.68424
70.11 3.68449
70.12 3.68474
70.13 3.68498
70.14 3.68523
70.15 3.68548
70.16 3.68573
70.17 3.68598
70.18 3.68622
70.19 3.68647
70.2 3.68672
70.21 3.68697
70.22 3.68722
70.23 3.68746
70.24 3.68771
70.25 3.68796
70.26 3.68821
70.27 3.68846
70.28 3.6887
70.29 3.68895
70.3 3.6892
70.31 3.68945
70.32 3.6897
70.33 3.68994
70.34 3.69019
70.35 3.69044
70.36 3.69069
70.37 3.69093
70.38 3.69118
70.39 3.69143
70.4 3.69168
70.41 3.69192
70.42 3.69217
70.43 3.69242
70.44 3.69267
70.45 3.69291
70.46 3.69316
70.47 3.69341
70.48 3.69366
70.49 3.6939
70.5 3.69415
70.51 3.6944
70.52 3.69465
70.53 3.69489
70.54 3.69514
70.55 3.69539
70.56 3.69563
70.57 3.69588
70.58 3.69613
70.59 3.69638
70.6 3.69662
70.61 3.69687
70.62 3.69712
70.63 3.69736
70.64 3.69761
70.65 3.69786
70.66 3.69811
70.67 3.69835
70.68 3.6986
70.69 3.69885
70.7 3.69909
70.71 3.69934
70.72 3.69959
70.73 3.69983
70.74 3.70008
70.75 3.70033
70.76 3.70057
70.77 3.70082
70.78 3.70107
70.79 3.70131
70.8 3.70156
70.81 3.70181
70.82 3.70205
70.83 3.7023
70.84 3.70255
70.85 3.70279
70.86 3.70304
70.87 3.70329
70.88 3.70353
70.89 3.70378
70.9 3.70403
70.91 3.70427
70.92 3.70452
70.93 3.70477
70.94 3.70501
70.95 3.70526
70.96 3.70551
70.97 3.70575
70.98 3.706
70.99 3.70624
71 3.70649
71.01 3.70674
71.02 3.70698
71.03 3.70723
71.04 3.70748
71.05 3.70772
71.06 3.70797
71.07 3.70821
71.08 3.70846
71.09 3.70871
71.1 3.70895
71.11 3.7092
71.12 3.70944
71.13 3.70969
71.14 3.70994
71.15 3.71018
71.16 3.71043
71.17 3.71067
71.18 3.71092
71.19 3.71117
71.2 3.71141
71.21 3.71166
71.22 3.7119
71.23 3.71215
71.24 3.71239
71.25 3.71264
71.26 3.71289
71.27 3.71313
71.28 3.71338
71.29 3.71362
71.3 3.71387
71.31 3.71411
71.32 3.71436
71.33 3.71461
71.34 3.71485
71.35 3.7151
71.36 3.71534
71.37 3.71559
71.38 3.71583
71.39 3.71608
71.4 3.71632
71.41 3.71657
71.42 3.71681
71.43 3.71706
71.44 3.71731
71.45 3.71755
71.46 3.7178
71.47 3.71804
71.48 3.71829
71.49 3.71853
71.5 3.71878
71.51 3.71902
71.52 3.71927
71.53 3.71951
71.54 3.71976
71.55 3.72
71.56 3.72025
71.57 3.72049
71.58 3.72074
71.59 3.72098
71.6 3.72123
71.61 3.72147
71.62 3.72172
71.63 3.72196
71.64 3.72221
71.65 3.72245
71.66 3.7227
71.67 3.72294
71.68 3.72319
71.69 3.72343
71.7 3.72368
71.71 3.72392
71.72 3.72417
71.73 3.72441
71.74 3.72466
71.75 3.7249
71.76 3.72515
71.77 3.72539
71.78 3.72563
71.79 3.72588
71.8 3.72612
71.81 3.72637
71.82 3.72661
71.83 3.72686
71.84 3.7271
71.85 3.72735
71.86 3.72759
71.87 3.72783
71.88 3.72808
71.89 3.72832
71.9 3.72857
71.91 3.72881
71.92 3.72906
71.93 3.7293
71.94 3.72955
71.95 3.72979
71.96 3.73003
71.97 3.73028
71.98 3.73052
71.99 3.73077
72 3.73101
72.01 3.73125
72.02 3.7315
72.03 3.73174
72.04 3.73199
72.05 3.73223
72.06 3.73248
72.07 3.73272
72.08 3.73296
72.09 3.73321
72.1 3.73345
72.11 3.73369
72.12 3.73394
72.13 3.73418
72.14 3.73443
72.15 3.73467
72.16 3.73491
72.17 3.73516
72.18 3.7354
72.19 3.73565
72.2 3.73589
72.21 3.73613
72.22 3.73638
72.23 3.73662
72.24 3.73686
72.25 3.73711
72.26 3.73735
72.27 3.73759
72.28 3.73784
72.29 3.73808
72.3 3.73833
72.31 3.73857
72.32 3.73881
72.33 3.73906
72.34 3.7393
72.35 3.73954
72.36 3.73979
72.37 3.74003
72.38 3.74027
72.39 3.74052
72.4 3.74076
72.41 3.741
72.42 3.74125
72.43 3.74149
72.44 3.74173
72.45 3.74198
72.46 3.74222
72.47 3.74246
72.48 3.7427
72.49 3.74295
72.5 3.74319
72.51 3.74343
72.52 3.74368
72.53 3.74392
72.54 3.74416
72.55 3.74441
72.56 3.74465
72.57 3.74489
72.58 3.74514
72.59 3.74538
72.6 3.74562
72.61 3.74586
72.62 3.74611
72.63 3.74635
72.64 3.74659
72.65 3.74684
72.66 3.74708
72.67 3.74732
72.68 3.74756
72.69 3.74781
72.7 3.74805
72.71 3.74829
72.72 3.74853
72.73 3.74878
72.74 3.74902
72.75 3.74926
72.76 3.7495
72.77 3.74975
72.78 3.74999
72.79 3.75023
72.8 3.75047
72.81 3.75072
72.82 3.75096
72.83 3.7512
72.84 3.75144
72.85 3.75169
72.86 3.75193
72.87 3.75217
72.88 3.75241
72.89 3.75266
72.9 3.7529
72.91 3.75314
72.92 3.75338
72.93 3.75362
72.94 3.75387
72.95 3.75411
72.96 3.75435
72.97 3.75459
72.98 3.75484
72.99 3.75508
73 3.75532
73.01 3.75556
73.02 3.7558
73.03 3.75605
73.04 3.75629
73.05 3.75653
73.06 3.75677
73.07 3.75701
73.08 3.75725
73.09 3.7575
73.1 3.75774
73.11 3.75798
73.12 3.75822
73.13 3.75846
73.14 3.75871
73.15 3.75895
73.16 3.75919
73.17 3.75943
73.18 3.75967
73.19 3.75991
73.2 3.76016
73.21 3.7604
73.22 3.76064
73.23 3.76088
73.24 3.76112
73.25 3.76136
73.26 3.76161
73.27 3.76185
73.28 3.76209
73.29 3.76233
73.3 3.76257
73.31 3.76281
73.32 3.76305
73.33 3.7633
73.34 3.76354
73.35 3.76378
73.36 3.76402
73.37 3.76426
73.38 3.7645
73.39 3.76474
73.4 3.76498
73.41 3.76523
73.42 3.76547
73.43 3.76571
73.44 3.76595
73.45 3.76619
73.46 3.76643
73.47 3.76667
73.48 3.76691
73.49 3.76715
73.5 3.7674
73.51 3.76764
73.52 3.76788
73.53 3.76812
73.54 3.76836
73.55 3.7686
73.56 3.76884
73.57 3.76908
73.58 3.76932
73.59 3.76956
73.6 3.7698
73.61 3.77004
73.62 3.77029
73.63 3.77053
73.64 3.77077
73.65 3.77101
73.66 3.77125
73.67 3.77149
73.68 3.77173
73.69 3.77197
73.7 3.77221
73.71 3.77245
73.72 3.77269
73.73 3.77293
73.74 3.77317
73.75 3.77341
73.76 3.77365
73.77 3.77389
73.78 3.77414
73.79 3.77438
73.8 3.77462
73.81 3.77486
73.82 3.7751
73.83 3.77534
73.84 3.77558
73.85 3.77582
73.86 3.77606
73.87 3.7763
73.88 3.77654
73.89 3.77678
73.9 3.77702
73.91 3.77726
73.92 3.7775
73.93 3.77774
73.94 3.77798
73.95 3.77822
73.96 3.77846
73.97 3.7787
73.98 3.77894
73.99 3.77918
74 3.77942
74.01 3.77966
74.02 3.7799
74.03 3.78014
74.04 3.78038
74.05 3.78062
74.06 3.78086
74.07 3.7811
74.08 3.78134
74.09 3.78158
74.1 3.78182
74.11 3.78206
74.12 3.7823
74.13 3.78254
74.14 3.78278
74.15 3.78302
74.16 3.78326
74.17 3.7835
74.18 3.78374
74.19 3.78397
74.2 3.78421
74.21 3.78445
74.22 3.78469
74.23 3.78493
74.24 3.78517
74.25 3.78541
74.26 3.78565
74.27 3.78589
74.28 3.78613
74.29 3.78637
74.3 3.78661
74.31 3.78685
74.32 3.78709
74.33 3.78733
74.34 3.78757
74.35 3.78781
74.36 3.78804
74.37 3.78828
74.38 3.78852
74.39 3.78876
74.4 3.789
74.41 3.78924
74.42 3.78948
74.43 3.78972
74.44 3.78996
74.45 3.7902
74.46 3.79044
74.47 3.79068
74.48 3.79091
74.49 3.79115
74.5 3.79139
74.51 3.79163
74.52 3.79187
74.53 3.79211
74.54 3.79235
74.55 3.79259
74.56 3.79283
74.57 3.79306
74.58 3.7933
74.59 3.79354
74.6 3.79378
74.61 3.79402
74.62 3.79426
74.63 3.7945
74.64 3.79474
74.65 3.79497
74.66 3.79521
74.67 3.79545
74.68 3.79569
74.69 3.79593
74.7 3.79617
74.71 3.79641
74.72 3.79664
74.73 3.79688
74.74 3.79712
74.75 3.79736
74.76 3.7976
74.77 3.79784
74.78 3.79807
74.79 3.79831
74.8 3.79855
74.81 3.79879
74.82 3.79903
74.83 3.79927
74.84 3.7995
74.85 3.79974
74.86 3.79998
74.87 3.80022
74.88 3.80046
74.89 3.8007
74.9 3.80093
74.91 3.80117
74.92 3.80141
74.93 3.80165
74.94 3.80189
74.95 3.80212
74.96 3.80236
74.97 3.8026
74.98 3.80284
74.99 3.80308
75 3.80331
75.01 3.80355
75.02 3.80379
75.03 3.80403
75.04 3.80427
75.05 3.8045
75.06 3.80474
75.07 3.80498
75.08 3.80522
75.09 3.80545
75.1 3.80569
75.11 3.80593
75.12 3.80617
75.13 3.8064
75.14 3.80664
75.15 3.80688
75.16 3.80712
75.17 3.80736
75.18 3.80759
75.19 3.80783
75.2 3.80807
75.21 3.80831
75.22 3.80854
75.23 3.80878
75.24 3.80902
75.25 3.80926
75.26 3.80949
75.27 3.80973
75.28 3.80997
75.29 3.8102
75.3 3.81044
75.31 3.81068
75.32 3.81092
75.33 3.81115
75.34 3.81139
75.35 3.81163
75.36 3.81187
75.37 3.8121
75.38 3.81234
75.39 3.81258
75.4 3.81281
75.41 3.81305
75.42 3.81329
75.43 3.81353
75.44 3.81376
75.45 3.814
75.46 3.81424
75.47 3.81447
75.48 3.81471
75.49 3.81495
75.5 3.81518
75.51 3.81542
75.52 3.81566
75.53 3.81589
75.54 3.81613
75.55 3.81637
75.56 3.81661
75.57 3.81684
75.58 3.81708
75.59 3.81732
75.6 3.81755
75.61 3.81779
75.62 3.81803
75.63 3.81826
75.64 3.8185
75.65 3.81874
75.66 3.81897
75.67 3.81921
75.68 3.81945
75.69 3.81968
75.7 3.81992
75.71 3.82015
75.72 3.82039
75.73 3.82063
75.74 3.82086
75.75 3.8211
75.76 3.82134
75.77 3.82157
75.78 3.82181
75.79 3.82205
75.8 3.82228
75.81 3.82252
75.82 3.82276
75.83 3.82299
75.84 3.82323
75.85 3.82346
75.86 3.8237
75.87 3.82394
75.88 3.82417
75.89 3.82441
75.9 3.82464
75.91 3.82488
75.92 3.82512
75.93 3.82535
75.94 3.82559
75.95 3.82582
75.96 3.82606
75.97 3.8263
75.98 3.82653
75.99 3.82677
76 3.827
76.01 3.82724
76.02 3.82748
76.03 3.82771
76.04 3.82795
76.05 3.82818
76.06 3.82842
76.07 3.82866
76.08 3.82889
76.09 3.82913
76.1 3.82936
76.11 3.8296
76.12 3.82983
76.13 3.83007
76.14 3.83031
76.15 3.83054
76.16 3.83078
76.17 3.83101
76.18 3.83125
76.19 3.83148
76.2 3.83172
76.21 3.83195
76.22 3.83219
76.23 3.83242
76.24 3.83266
76.25 3.8329
76.26 3.83313
76.27 3.83337
76.28 3.8336
76.29 3.83384
76.3 3.83407
76.31 3.83431
76.32 3.83454
76.33 3.83478
76.34 3.83501
76.35 3.83525
76.36 3.83548
76.37 3.83572
76.38 3.83595
76.39 3.83619
76.4 3.83642
76.41 3.83666
76.42 3.83689
76.43 3.83713
76.44 3.83736
76.45 3.8376
76.46 3.83783
76.47 3.83807
76.48 3.8383
76.49 3.83854
76.5 3.83877
76.51 3.83901
76.52 3.83924
76.53 3.83948
76.54 3.83971
76.55 3.83995
76.56 3.84018
76.57 3.84042
76.58 3.84065
76.59 3.84089
76.6 3.84112
76.61 3.84136
76.62 3.84159
76.63 3.84183
76.64 3.84206
76.65 3.8423
76.66 3.84253
76.67 3.84277
76.68 3.843
76.69 3.84323
76.7 3.84347
76.71 3.8437
76.72 3.84394
76.73 3.84417
76.74 3.84441
76.75 3.84464
76.76 3.84488
76.77 3.84511
76.78 3.84534
76.79 3.84558
76.8 3.84581
76.81 3.84605
76.82 3.84628
76.83 3.84652
76.84 3.84675
76.85 3.84698
76.86 3.84722
76.87 3.84745
76.88 3.84769
76.89 3.84792
76.9 3.84815
76.91 3.84839
76.92 3.84862
76.93 3.84886
76.94 3.84909
76.95 3.84932
76.96 3.84956
76.97 3.84979
76.98 3.85003
76.99 3.85026
77 3.85049
77.01 3.85073
77.02 3.85096
77.03 3.8512
77.04 3.85143
77.05 3.85166
77.06 3.8519
77.07 3.85213
77.08 3.85237
77.09 3.8526
77.1 3.85283
77.11 3.85307
77.12 3.8533
77.13 3.85353
77.14 3.85377
77.15 3.854
77.16 3.85423
77.17 3.85447
77.18 3.8547
77.19 3.85494
77.2 3.85517
77.21 3.8554
77.22 3.85564
77.23 3.85587
77.24 3.8561
77.25 3.85634
77.26 3.85657
77.27 3.8568
77.28 3.85704
77.29 3.85727
77.3 3.8575
77.31 3.85774
77.32 3.85797
77.33 3.8582
77.34 3.85844
77.35 3.85867
77.36 3.8589
77.37 3.85914
77.38 3.85937
77.39 3.8596
77.4 3.85984
77.41 3.86007
77.42 3.8603
77.43 3.86053
77.44 3.86077
77.45 3.861
77.46 3.86123
77.47 3.86147
77.48 3.8617
77.49 3.86193
77.5 3.86217
77.51 3.8624
77.52 3.86263
77.53 3.86286
77.54 3.8631
77.55 3.86333
77.56 3.86356
77.57 3.8638
77.58 3.86403
77.59 3.86426
77.6 3.86449
77.61 3.86473
77.62 3.86496
77.63 3.86519
77.64 3.86542
77.65 3.86566
77.66 3.86589
77.67 3.86612
77.68 3.86635
77.69 3.86659
77.7 3.86682
77.71 3.86705
77.72 3.86728
77.73 3.86752
77.74 3.86775
77.75 3.86798
77.76 3.86821
77.77 3.86845
77.78 3.86868
77.79 3.86891
77.8 3.86914
77.81 3.86938
77.82 3.86961
77.83 3.86984
77.84 3.87007
77.85 3.87031
77.86 3.87054
77.87 3.87077
77.88 3.871
77.89 3.87123
77.9 3.87147
77.91 3.8717
77.92 3.87193
77.93 3.87216
77.94 3.87239
77.95 3.87263
77.96 3.87286
77.97 3.87309
77.98 3.87332
77.99 3.87355
78 3.87379
78.01 3.87402
78.02 3.87425
78.03 3.87448
78.04 3.87471
78.05 3.87495
78.06 3.87518
78.07 3.87541
78.08 3.87564
78.09 3.87587
78.1 3.87611
78.11 3.87634
78.12 3.87657
78.13 3.8768
78.14 3.87703
78.15 3.87726
78.16 3.8775
78.17 3.87773
78.18 3.87796
78.19 3.87819
78.2 3.87842
78.21 3.87865
78.22 3.87888
78.23 3.87912
78.24 3.87935
78.25 3.87958
78.26 3.87981
78.27 3.88004
78.28 3.88027
78.29 3.8805
78.3 3.88074
78.31 3.88097
78.32 3.8812
78.33 3.88143
78.34 3.88166
78.35 3.88189
78.36 3.88212
78.37 3.88235
78.38 3.88259
78.39 3.88282
78.4 3.88305
78.41 3.88328
78.42 3.88351
78.43 3.88374
78.44 3.88397
78.45 3.8842
78.46 3.88443
78.47 3.88467
78.48 3.8849
78.49 3.88513
78.5 3.88536
78.51 3.88559
78.52 3.88582
78.53 3.88605
78.54 3.88628
78.55 3.88651
78.56 3.88674
78.57 3.88698
78.58 3.88721
78.59 3.88744
78.6 3.88767
78.61 3.8879
78.62 3.88813
78.63 3.88836
78.64 3.88859
78.65 3.88882
78.66 3.88905
78.67 3.88928
78.68 3.88951
78.69 3.88974
78.7 3.88997
78.71 3.8902
78.72 3.89044
78.73 3.89067
78.74 3.8909
78.75 3.89113
78.76 3.89136
78.77 3.89159
78.78 3.89182
78.79 3.89205
78.8 3.89228
78.81 3.89251
78.82 3.89274
78.83 3.89297
78.84 3.8932
78.85 3.89343
78.86 3.89366
78.87 3.89389
78.88 3.89412
78.89 3.89435
78.9 3.89458
78.91 3.89481
78.92 3.89504
78.93 3.89527
78.94 3.8955
78.95 3.89573
78.96 3.89596
78.97 3.89619
78.98 3.89642
78.99 3.89665
79 3.89688
79.01 3.89711
79.02 3.89734
79.03 3.89757
79.04 3.8978
79.05 3.89803
79.06 3.89826
79.07 3.89849
79.08 3.89872
79.09 3.89895
79.1 3.89918
79.11 3.89941
79.12 3.89964
79.13 3.89987
79.14 3.9001
79.15 3.90033
79.16 3.90056
79.17 3.90079
79.18 3.90102
79.19 3.90125
79.2 3.90148
79.21 3.90171
79.22 3.90194
79.23 3.90217
79.24 3.9024
79.25 3.90263
79.26 3.90286
79.27 3.90309
79.28 3.90331
79.29 3.90354
79.3 3.90377
79.31 3.904
79.32 3.90423
79.33 3.90446
79.34 3.90469
79.35 3.90492
79.36 3.90515
79.37 3.90538
79.38 3.90561
79.39 3.90584
79.4 3.90607
79.41 3.9063
79.42 3.90653
79.43 3.90675
79.44 3.90698
79.45 3.90721
79.46 3.90744
79.47 3.90767
79.48 3.9079
79.49 3.90813
79.5 3.90836
79.51 3.90859
79.52 3.90882
79.53 3.90904
79.54 3.90927
79.55 3.9095
79.56 3.90973
79.57 3.90996
79.58 3.91019
79.59 3.91042
79.6 3.91065
79.61 3.91088
79.62 3.9111
79.63 3.91133
79.64 3.91156
79.65 3.91179
79.66 3.91202
79.67 3.91225
79.68 3.91248
79.69 3.91271
79.7 3.91293
79.71 3.91316
79.72 3.91339
79.73 3.91362
79.74 3.91385
79.75 3.91408
79.76 3.91431
79.77 3.91453
79.78 3.91476
79.79 3.91499
79.8 3.91522
79.81 3.91545
79.82 3.91568
79.83 3.91591
79.84 3.91613
79.85 3.91636
79.86 3.91659
79.87 3.91682
79.88 3.91705
79.89 3.91728
79.9 3.9175
79.91 3.91773
79.92 3.91796
79.93 3.91819
79.94 3.91842
79.95 3.91864
79.96 3.91887
79.97 3.9191
79.98 3.91933
79.99 3.91956
80 3.91978
80.01 3.92001
80.02 3.92024
80.03 3.92047
80.04 3.9207
80.05 3.92092
80.06 3.92115
80.07 3.92138
80.08 3.92161
80.09 3.92184
80.1 3.92206
80.11 3.92229
80.12 3.92252
80.13 3.92275
80.14 3.92298
80.15 3.9232
80.16 3.92343
80.17 3.92366
80.18 3.92389
80.19 3.92411
80.2 3.92434
80.21 3.92457
80.22 3.9248
80.23 3.92503
80.24 3.92525
80.25 3.92548
80.26 3.92571
80.27 3.92594
80.28 3.92616
80.29 3.92639
80.3 3.92662
80.31 3.92685
80.32 3.92707
80.33 3.9273
80.34 3.92753
80.35 3.92776
80.36 3.92798
80.37 3.92821
80.38 3.92844
80.39 3.92866
80.4 3.92889
80.41 3.92912
80.42 3.92935
80.43 3.92957
80.44 3.9298
80.45 3.93003
80.46 3.93026
80.47 3.93048
80.48 3.93071
80.49 3.93094
80.5 3.93116
80.51 3.93139
80.52 3.93162
80.53 3.93185
80.54 3.93207
80.55 3.9323
80.56 3.93253
80.57 3.93275
80.58 3.93298
80.59 3.93321
80.6 3.93343
80.61 3.93366
80.62 3.93389
80.63 3.93411
80.64 3.93434
80.65 3.93457
80.66 3.9348
80.67 3.93502
80.68 3.93525
80.69 3.93548
80.7 3.9357
80.71 3.93593
80.72 3.93616
80.73 3.93638
80.74 3.93661
80.75 3.93684
80.76 3.93706
80.77 3.93729
80.78 3.93752
80.79 3.93774
80.8 3.93797
80.81 3.9382
80.82 3.93842
80.83 3.93865
80.84 3.93887
80.85 3.9391
80.86 3.93933
80.87 3.93955
80.88 3.93978
80.89 3.94001
80.9 3.94023
80.91 3.94046
80.92 3.94069
80.93 3.94091
80.94 3.94114
80.95 3.94136
80.96 3.94159
80.97 3.94182
80.98 3.94204
80.99 3.94227
81 3.9425
81.01 3.94272
81.02 3.94295
81.03 3.94317
81.04 3.9434
81.05 3.94363
81.06 3.94385
81.07 3.94408
81.08 3.9443
81.09 3.94453
81.1 3.94476
81.11 3.94498
81.12 3.94521
81.13 3.94543
81.14 3.94566
81.15 3.94589
81.16 3.94611
81.17 3.94634
81.18 3.94656
81.19 3.94679
81.2 3.94702
81.21 3.94724
81.22 3.94747
81.23 3.94769
81.24 3.94792
81.25 3.94814
81.26 3.94837
81.27 3.9486
81.28 3.94882
81.29 3.94905
81.3 3.94927
81.31 3.9495
81.32 3.94972
81.33 3.94995
81.34 3.95017
81.35 3.9504
81.36 3.95063
81.37 3.95085
81.38 3.95108
81.39 3.9513
81.4 3.95153
81.41 3.95175
81.42 3.95198
81.43 3.9522
81.44 3.95243
81.45 3.95265
81.46 3.95288
81.47 3.9531
81.48 3.95333
81.49 3.95356
81.5 3.95378
81.51 3.95401
81.52 3.95423
81.53 3.95446
81.54 3.95468
81.55 3.95491
81.56 3.95513
81.57 3.95536
81.58 3.95558
81.59 3.95581
81.6 3.95603
81.61 3.95626
81.62 3.95648
81.63 3.95671
81.64 3.95693
81.65 3.95716
81.66 3.95738
81.67 3.95761
81.68 3.95783
81.69 3.95806
81.7 3.95828
81.71 3.95851
81.72 3.95873
81.73 3.95896
81.74 3.95918
81.75 3.9594
81.76 3.95963
81.77 3.95985
81.78 3.96008
81.79 3.9603
81.8 3.96053
81.81 3.96075
81.82 3.96098
81.83 3.9612
81.84 3.96143
81.85 3.96165
81.86 3.96188
81.87 3.9621
81.88 3.96232
81.89 3.96255
81.9 3.96277
81.91 3.963
81.92 3.96322
81.93 3.96345
81.94 3.96367
81.95 3.9639
81.96 3.96412
81.97 3.96434
81.98 3.96457
81.99 3.96479
82 3.96502
82.01 3.96524
82.02 3.96547
82.03 3.96569
82.04 3.96591
82.05 3.96614
82.06 3.96636
82.07 3.96659
82.08 3.96681
82.09 3.96704
82.1 3.96726
82.11 3.96748
82.12 3.96771
82.13 3.96793
82.14 3.96816
82.15 3.96838
82.16 3.9686
82.17 3.96883
82.18 3.96905
82.19 3.96928
82.2 3.9695
82.21 3.96972
82.22 3.96995
82.23 3.97017
82.24 3.97039
82.25 3.97062
82.26 3.97084
82.27 3.97107
82.28 3.97129
82.29 3.97151
82.3 3.97174
82.31 3.97196
82.32 3.97219
82.33 3.97241
82.34 3.97263
82.35 3.97286
82.36 3.97308
82.37 3.9733
82.38 3.97353
82.39 3.97375
82.4 3.97397
82.41 3.9742
82.42 3.97442
82.43 3.97464
82.44 3.97487
82.45 3.97509
82.46 3.97531
82.47 3.97554
82.48 3.97576
82.49 3.97598
82.5 3.97621
82.51 3.97643
82.52 3.97665
82.53 3.97688
82.54 3.9771
82.55 3.97732
82.56 3.97755
82.57 3.97777
82.58 3.97799
82.59 3.97822
82.6 3.97844
82.61 3.97866
82.62 3.97889
82.63 3.97911
82.64 3.97933
82.65 3.97956
82.66 3.97978
82.67 3.98
82.68 3.98023
82.69 3.98045
82.7 3.98067
82.71 3.98089
82.72 3.98112
82.73 3.98134
82.74 3.98156
82.75 3.98179
82.76 3.98201
82.77 3.98223
82.78 3.98245
82.79 3.98268
82.8 3.9829
82.81 3.98312
82.82 3.98335
82.83 3.98357
82.84 3.98379
82.85 3.98401
82.86 3.98424
82.87 3.98446
82.88 3.98468
82.89 3.9849
82.9 3.98513
82.91 3.98535
82.92 3.98557
82.93 3.9858
82.94 3.98602
82.95 3.98624
82.96 3.98646
82.97 3.98669
82.98 3.98691
82.99 3.98713
83 3.98735
83.01 3.98757
83.02 3.9878
83.03 3.98802
83.04 3.98824
83.05 3.98846
83.06 3.98869
83.07 3.98891
83.08 3.98913
83.09 3.98935
83.1 3.98958
83.11 3.9898
83.12 3.99002
83.13 3.99024
83.14 3.99046
83.15 3.99069
83.16 3.99091
83.17 3.99113
83.18 3.99135
83.19 3.99158
83.2 3.9918
83.21 3.99202
83.22 3.99224
83.23 3.99246
83.24 3.99269
83.25 3.99291
83.26 3.99313
83.27 3.99335
83.28 3.99357
83.29 3.99379
83.3 3.99402
83.31 3.99424
83.32 3.99446
83.33 3.99468
83.34 3.9949
83.35 3.99513
83.36 3.99535
83.37 3.99557
83.38 3.99579
83.39 3.99601
83.4 3.99623
83.41 3.99646
83.42 3.99668
83.43 3.9969
83.44 3.99712
83.45 3.99734
83.46 3.99756
83.47 3.99779
83.48 3.99801
83.49 3.99823
83.5 3.99845
83.51 3.99867
83.52 3.99889
83.53 3.99911
83.54 3.99934
83.55 3.99956
83.56 3.99978
83.57 4
83.58 4.00022
83.59 4.00044
83.6 4.00066
83.61 4.00089
83.62 4.00111
83.63 4.00133
83.64 4.00155
83.65 4.00177
83.66 4.00199
83.67 4.00221
83.68 4.00243
83.69 4.00266
83.7 4.00288
83.71 4.0031
83.72 4.00332
83.73 4.00354
83.74 4.00376
83.75 4.00398
83.76 4.0042
83.77 4.00442
83.78 4.00465
83.79 4.00487
83.8 4.00509
83.81 4.00531
83.82 4.00553
83.83 4.00575
83.84 4.00597
83.85 4.00619
83.86 4.00641
83.87 4.00663
83.88 4.00685
83.89 4.00707
83.9 4.0073
83.91 4.00752
83.92 4.00774
83.93 4.00796
83.94 4.00818
83.95 4.0084
83.96 4.00862
83.97 4.00884
83.98 4.00906
83.99 4.00928
84 4.0095
84.01 4.00972
84.02 4.00994
84.03 4.01016
84.04 4.01038
84.05 4.0106
84.06 4.01083
84.07 4.01105
84.08 4.01127
84.09 4.01149
84.1 4.01171
84.11 4.01193
84.12 4.01215
84.13 4.01237
84.14 4.01259
84.15 4.01281
84.16 4.01303
84.17 4.01325
84.18 4.01347
84.19 4.01369
84.2 4.01391
84.21 4.01413
84.22 4.01435
84.23 4.01457
84.24 4.01479
84.25 4.01501
84.26 4.01523
84.27 4.01545
84.28 4.01567
84.29 4.01589
84.3 4.01611
84.31 4.01633
84.32 4.01655
84.33 4.01677
84.34 4.01699
84.35 4.01721
84.36 4.01743
84.37 4.01765
84.38 4.01787
84.39 4.01809
84.4 4.01831
84.41 4.01853
84.42 4.01875
84.43 4.01897
84.44 4.01919
84.45 4.01941
84.46 4.01963
84.47 4.01985
84.48 4.02007
84.49 4.02029
84.5 4.02051
84.51 4.02073
84.52 4.02095
84.53 4.02117
84.54 4.02139
84.55 4.02161
84.56 4.02183
84.57 4.02205
84.58 4.02227
84.59 4.02248
84.6 4.0227
84.61 4.02292
84.62 4.02314
84.63 4.02336
84.64 4.02358
84.65 4.0238
84.66 4.02402
84.67 4.02424
84.68 4.02446
84.69 4.02468
84.7 4.0249
84.71 4.02512
84.72 4.02534
84.73 4.02556
84.74 4.02578
84.75 4.02599
84.76 4.02621
84.77 4.02643
84.78 4.02665
84.79 4.02687
84.8 4.02709
84.81 4.02731
84.82 4.02753
84.83 4.02775
84.84 4.02797
84.85 4.02819
84.86 4.0284
84.87 4.02862
84.88 4.02884
84.89 4.02906
84.9 4.02928
84.91 4.0295
84.92 4.02972
84.93 4.02994
84.94 4.03016
84.95 4.03038
84.96 4.03059
84.97 4.03081
84.98 4.03103
84.99 4.03125
85 4.03147
85.01 4.03169
85.02 4.03191
85.03 4.03213
85.04 4.03234
85.05 4.03256
85.06 4.03278
85.07 4.033
85.08 4.03322
85.09 4.03344
85.1 4.03366
85.11 4.03387
85.12 4.03409
85.13 4.03431
85.14 4.03453
85.15 4.03475
85.16 4.03497
85.17 4.03519
85.18 4.0354
85.19 4.03562
85.2 4.03584
85.21 4.03606
85.22 4.03628
85.23 4.0365
85.24 4.03671
85.25 4.03693
85.26 4.03715
85.27 4.03737
85.28 4.03759
85.29 4.03781
85.3 4.03802
85.31 4.03824
85.32 4.03846
85.33 4.03868
85.34 4.0389
85.35 4.03911
85.36 4.03933
85.37 4.03955
85.38 4.03977
85.39 4.03999
85.4 4.04021
85.41 4.04042
85.42 4.04064
85.43 4.04086
85.44 4.04108
85.45 4.0413
85.46 4.04151
85.47 4.04173
85.48 4.04195
85.49 4.04217
85.5 4.04238
85.51 4.0426
85.52 4.04282
85.53 4.04304
85.54 4.04326
85.55 4.04347
85.56 4.04369
85.57 4.04391
85.58 4.04413
85.59 4.04434
85.6 4.04456
85.61 4.04478
85.62 4.045
85.63 4.04522
85.64 4.04543
85.65 4.04565
85.66 4.04587
85.67 4.04609
85.68 4.0463
85.69 4.04652
85.7 4.04674
85.71 4.04696
85.72 4.04717
85.73 4.04739
85.74 4.04761
85.75 4.04783
85.76 4.04804
85.77 4.04826
85.78 4.04848
85.79 4.04869
85.8 4.04891
85.81 4.04913
85.82 4.04935
85.83 4.04956
85.84 4.04978
85.85 4.05
85.86 4.05022
85.87 4.05043
85.88 4.05065
85.89 4.05087
85.9 4.05108
85.91 4.0513
85.92 4.05152
85.93 4.05174
85.94 4.05195
85.95 4.05217
85.96 4.05239
85.97 4.0526
85.98 4.05282
85.99 4.05304
86 4.05326
86.01 4.05347
86.02 4.05369
86.03 4.05391
86.04 4.05412
86.05 4.05434
86.06 4.05456
86.07 4.05477
86.08 4.05499
86.09 4.05521
86.1 4.05542
86.11 4.05564
86.12 4.05586
86.13 4.05607
86.14 4.05629
86.15 4.05651
86.16 4.05672
86.17 4.05694
86.18 4.05716
86.19 4.05737
86.2 4.05759
86.21 4.05781
86.22 4.05802
86.23 4.05824
86.24 4.05846
86.25 4.05867
86.26 4.05889
86.27 4.05911
86.28 4.05932
86.29 4.05954
86.3 4.05976
86.31 4.05997
86.32 4.06019
86.33 4.06041
86.34 4.06062
86.35 4.06084
86.36 4.06105
86.37 4.06127
86.38 4.06149
86.39 4.0617
86.4 4.06192
86.41 4.06214
86.42 4.06235
86.43 4.06257
86.44 4.06278
86.45 4.063
86.46 4.06322
86.47 4.06343
86.48 4.06365
86.49 4.06386
86.5 4.06408
86.51 4.0643
86.52 4.06451
86.53 4.06473
86.54 4.06495
86.55 4.06516
86.56 4.06538
86.57 4.06559
86.58 4.06581
86.59 4.06602
86.6 4.06624
86.61 4.06646
86.62 4.06667
86.63 4.06689
86.64 4.0671
86.65 4.06732
86.66 4.06754
86.67 4.06775
86.68 4.06797
86.69 4.06818
86.7 4.0684
86.71 4.06861
86.72 4.06883
86.73 4.06905
86.74 4.06926
86.75 4.06948
86.76 4.06969
86.77 4.06991
86.78 4.07012
86.79 4.07034
86.8 4.07055
86.81 4.07077
86.82 4.07099
86.83 4.0712
86.84 4.07142
86.85 4.07163
86.86 4.07185
86.87 4.07206
86.88 4.07228
86.89 4.07249
86.9 4.07271
86.91 4.07292
86.92 4.07314
86.93 4.07336
86.94 4.07357
86.95 4.07379
86.96 4.074
86.97 4.07422
86.98 4.07443
86.99 4.07465
87 4.07486
87.01 4.07508
87.02 4.07529
87.03 4.07551
87.04 4.07572
87.05 4.07594
87.06 4.07615
87.07 4.07637
87.08 4.07658
87.09 4.0768
87.1 4.07701
87.11 4.07723
87.12 4.07744
87.13 4.07766
87.14 4.07787
87.15 4.07809
87.16 4.0783
87.17 4.07852
87.18 4.07873
87.19 4.07895
87.2 4.07916
87.21 4.07938
87.22 4.07959
87.23 4.07981
87.24 4.08002
87.25 4.08024
87.26 4.08045
87.27 4.08067
87.28 4.08088
87.29 4.08109
87.3 4.08131
87.31 4.08152
87.32 4.08174
87.33 4.08195
87.34 4.08217
87.35 4.08238
87.36 4.0826
87.37 4.08281
87.38 4.08303
87.39 4.08324
87.4 4.08346
87.41 4.08367
87.42 4.08388
87.43 4.0841
87.44 4.08431
87.45 4.08453
87.46 4.08474
87.47 4.08496
87.48 4.08517
87.49 4.08538
87.5 4.0856
87.51 4.08581
87.52 4.08603
87.53 4.08624
87.54 4.08646
87.55 4.08667
87.56 4.08688
87.57 4.0871
87.58 4.08731
87.59 4.08753
87.6 4.08774
87.61 4.08796
87.62 4.08817
87.63 4.08838
87.64 4.0886
87.65 4.08881
87.66 4.08903
87.67 4.08924
87.68 4.08945
87.69 4.08967
87.7 4.08988
87.71 4.0901
87.72 4.09031
87.73 4.09052
87.74 4.09074
87.75 4.09095
87.76 4.09116
87.77 4.09138
87.78 4.09159
87.79 4.09181
87.8 4.09202
87.81 4.09223
87.82 4.09245
87.83 4.09266
87.84 4.09288
87.85 4.09309
87.86 4.0933
87.87 4.09352
87.88 4.09373
87.89 4.09394
87.9 4.09416
87.91 4.09437
87.92 4.09458
87.93 4.0948
87.94 4.09501
87.95 4.09522
87.96 4.09544
87.97 4.09565
87.98 4.09587
87.99 4.09608
88 4.09629
88.01 4.09651
88.02 4.09672
88.03 4.09693
88.04 4.09715
88.05 4.09736
88.06 4.09757
88.07 4.09779
88.08 4.098
88.09 4.09821
88.1 4.09843
88.11 4.09864
88.12 4.09885
88.13 4.09907
88.14 4.09928
88.15 4.09949
88.16 4.0997
88.17 4.09992
88.18 4.10013
88.19 4.10034
88.2 4.10056
88.21 4.10077
88.22 4.10098
88.23 4.1012
88.24 4.10141
88.25 4.10162
88.26 4.10184
88.27 4.10205
88.28 4.10226
88.29 4.10247
88.3 4.10269
88.31 4.1029
88.32 4.10311
88.33 4.10333
88.34 4.10354
88.35 4.10375
88.36 4.10396
88.37 4.10418
88.38 4.10439
88.39 4.1046
88.4 4.10481
88.41 4.10503
88.42 4.10524
88.43 4.10545
88.44 4.10567
88.45 4.10588
88.46 4.10609
88.47 4.1063
88.48 4.10652
88.49 4.10673
88.5 4.10694
88.51 4.10715
88.52 4.10737
88.53 4.10758
88.54 4.10779
88.55 4.108
88.56 4.10822
88.57 4.10843
88.58 4.10864
88.59 4.10885
88.6 4.10907
88.61 4.10928
88.62 4.10949
88.63 4.1097
88.64 4.10992
88.65 4.11013
88.66 4.11034
88.67 4.11055
88.68 4.11076
88.69 4.11098
88.7 4.11119
88.71 4.1114
88.72 4.11161
88.73 4.11183
88.74 4.11204
88.75 4.11225
88.76 4.11246
88.77 4.11267
88.78 4.11289
88.79 4.1131
88.8 4.11331
88.81 4.11352
88.82 4.11373
88.83 4.11395
88.84 4.11416
88.85 4.11437
88.86 4.11458
88.87 4.11479
88.88 4.11501
88.89 4.11522
88.9 4.11543
88.91 4.11564
88.92 4.11585
88.93 4.11606
88.94 4.11628
88.95 4.11649
88.96 4.1167
88.97 4.11691
88.98 4.11712
88.99 4.11734
89 4.11755
89.01 4.11776
89.02 4.11797
89.03 4.11818
89.04 4.11839
89.05 4.1186
89.06 4.11882
89.07 4.11903
89.08 4.11924
89.09 4.11945
89.1 4.11966
89.11 4.11987
89.12 4.12009
89.13 4.1203
89.14 4.12051
89.15 4.12072
89.16 4.12093
89.17 4.12114
89.18 4.12135
89.19 4.12157
89.2 4.12178
89.21 4.12199
89.22 4.1222
89.23 4.12241
89.24 4.12262
89.25 4.12283
89.26 4.12304
89.27 4.12326
89.28 4.12347
89.29 4.12368
89.3 4.12389
89.31 4.1241
89.32 4.12431
89.33 4.12452
89.34 4.12473
89.35 4.12494
89.36 4.12516
89.37 4.12537
89.38 4.12558
89.39 4.12579
89.4 4.126
89.41 4.12621
89.42 4.12642
89.43 4.12663
89.44 4.12684
89.45 4.12705
89.46 4.12727
89.47 4.12748
89.48 4.12769
89.49 4.1279
89.5 4.12811
89.51 4.12832
89.52 4.12853
89.53 4.12874
89.54 4.12895
89.55 4.12916
89.56 4.12937
89.57 4.12958
89.58 4.12979
89.59 4.13001
89.6 4.13022
89.61 4.13043
89.62 4.13064
89.63 4.13085
89.64 4.13106
89.65 4.13127
89.66 4.13148
89.67 4.13169
89.68 4.1319
89.69 4.13211
89.7 4.13232
89.71 4.13253
89.72 4.13274
89.73 4.13295
89.74 4.13316
89.75 4.13337
89.76 4.13358
89.77 4.13379
89.78 4.13401
89.79 4.13422
89.8 4.13443
89.81 4.13464
89.82 4.13485
89.83 4.13506
89.84 4.13527
89.85 4.13548
89.86 4.13569
89.87 4.1359
89.88 4.13611
89.89 4.13632
89.9 4.13653
89.91 4.13674
89.92 4.13695
89.93 4.13716
89.94 4.13737
89.95 4.13758
89.96 4.13779
89.97 4.138
89.98 4.13821
89.99 4.13842
90 4.13863
90.01 4.13884
90.02 4.13905
90.03 4.13926
90.04 4.13947
90.05 4.13968
90.06 4.13989
90.07 4.1401
90.08 4.14031
90.09 4.14052
90.1 4.14073
90.11 4.14094
90.12 4.14115
90.13 4.14136
90.14 4.14157
90.15 4.14178
90.16 4.14199
90.17 4.14219
90.18 4.1424
90.19 4.14261
90.2 4.14282
90.21 4.14303
90.22 4.14324
90.23 4.14345
90.24 4.14366
90.25 4.14387
90.26 4.14408
90.27 4.14429
90.28 4.1445
90.29 4.14471
90.3 4.14492
90.31 4.14513
90.32 4.14534
90.33 4.14555
90.34 4.14576
90.35 4.14597
90.36 4.14618
90.37 4.14638
90.38 4.14659
90.39 4.1468
90.4 4.14701
90.41 4.14722
90.42 4.14743
90.43 4.14764
90.44 4.14785
90.45 4.14806
90.46 4.14827
90.47 4.14848
90.48 4.14869
90.49 4.1489
90.5 4.1491
90.51 4.14931
90.52 4.14952
90.53 4.14973
90.54 4.14994
90.55 4.15015
90.56 4.15036
90.57 4.15057
90.58 4.15078
90.59 4.15099
90.6 4.15119
90.61 4.1514
90.62 4.15161
90.63 4.15182
90.64 4.15203
90.65 4.15224
90.66 4.15245
90.67 4.15266
90.68 4.15287
90.69 4.15307
90.7 4.15328
90.71 4.15349
90.72 4.1537
90.73 4.15391
90.74 4.15412
90.75 4.15433
90.76 4.15453
90.77 4.15474
90.78 4.15495
90.79 4.15516
90.8 4.15537
90.81 4.15558
90.82 4.15579
90.83 4.156
90.84 4.1562
90.85 4.15641
90.86 4.15662
90.87 4.15683
90.88 4.15704
90.89 4.15725
90.9 4.15745
90.91 4.15766
90.92 4.15787
90.93 4.15808
90.94 4.15829
90.95 4.1585
90.96 4.1587
90.97 4.15891
90.98 4.15912
90.99 4.15933
91 4.15954
91.01 4.15975
91.02 4.15995
91.03 4.16016
91.04 4.16037
91.05 4.16058
91.06 4.16079
91.07 4.161
91.08 4.1612
91.09 4.16141
91.1 4.16162
91.11 4.16183
91.12 4.16204
91.13 4.16224
91.14 4.16245
91.15 4.16266
91.16 4.16287
91.17 4.16308
91.18 4.16328
91.19 4.16349
91.2 4.1637
91.21 4.16391
91.22 4.16411
91.23 4.16432
91.24 4.16453
91.25 4.16474
91.26 4.16495
91.27 4.16515
91.28 4.16536
91.29 4.16557
91.3 4.16578
91.31 4.16599
91.32 4.16619
91.33 4.1664
91.34 4.16661
91.35 4.16682
91.36 4.16702
91.37 4.16723
91.38 4.16744
91.39 4.16765
91.4 4.16785
91.41 4.16806
91.42 4.16827
91.43 4.16848
91.44 4.16868
91.45 4.16889
91.46 4.1691
91.47 4.16931
91.48 4.16951
91.49 4.16972
91.5 4.16993
91.51 4.17014
91.52 4.17034
91.53 4.17055
91.54 4.17076
91.55 4.17097
91.56 4.17117
91.57 4.17138
91.58 4.17159
91.59 4.17179
91.6 4.172
91.61 4.17221
91.62 4.17242
91.63 4.17262
91.64 4.17283
91.65 4.17304
91.66 4.17324
91.67 4.17345
91.68 4.17366
91.69 4.17387
91.7 4.17407
91.71 4.17428
91.72 4.17449
91.73 4.17469
91.74 4.1749
91.75 4.17511
91.76 4.17532
91.77 4.17552
91.78 4.17573
91.79 4.17594
91.8 4.17614
91.81 4.17635
91.82 4.17656
91.83 4.17676
91.84 4.17697
91.85 4.17718
91.86 4.17738
91.87 4.17759
91.88 4.1778
91.89 4.178
91.9 4.17821
91.91 4.17842
91.92 4.17862
91.93 4.17883
91.94 4.17904
91.95 4.17924
91.96 4.17945
91.97 4.17966
91.98 4.17986
91.99 4.18007
92 4.18028
92.01 4.18048
92.02 4.18069
92.03 4.1809
92.04 4.1811
92.05 4.18131
92.06 4.18152
92.07 4.18172
92.08 4.18193
92.09 4.18214
92.1 4.18234
92.11 4.18255
92.12 4.18275
92.13 4.18296
92.14 4.18317
92.15 4.18337
92.16 4.18358
92.17 4.18379
92.18 4.18399
92.19 4.1842
92.2 4.18441
92.21 4.18461
92.22 4.18482
92.23 4.18502
92.24 4.18523
92.25 4.18544
92.26 4.18564
92.27 4.18585
92.28 4.18605
92.29 4.18626
92.3 4.18647
92.31 4.18667
92.32 4.18688
92.33 4.18708
92.34 4.18729
92.35 4.1875
92.36 4.1877
92.37 4.18791
92.38 4.18811
92.39 4.18832
92.4 4.18853
92.41 4.18873
92.42 4.18894
92.43 4.18914
92.44 4.18935
92.45 4.18956
92.46 4.18976
92.47 4.18997
92.48 4.19017
92.49 4.19038
92.5 4.19058
92.51 4.19079
92.52 4.191
92.53 4.1912
92.54 4.19141
92.55 4.19161
92.56 4.19182
92.57 4.19202
92.58 4.19223
92.59 4.19243
92.6 4.19264
92.61 4.19285
92.62 4.19305
92.63 4.19326
92.64 4.19346
92.65 4.19367
92.66 4.19387
92.67 4.19408
92.68 4.19428
92.69 4.19449
92.7 4.19469
92.71 4.1949
92.72 4.19511
92.73 4.19531
92.74 4.19552
92.75 4.19572
92.76 4.19593
92.77 4.19613
92.78 4.19634
92.79 4.19654
92.8 4.19675
92.81 4.19695
92.82 4.19716
92.83 4.19736
92.84 4.19757
92.85 4.19777
92.86 4.19798
92.87 4.19818
92.88 4.19839
92.89 4.19859
92.9 4.1988
92.91 4.199
92.92 4.19921
92.93 4.19941
92.94 4.19962
92.95 4.19982
92.96 4.20003
92.97 4.20023
92.98 4.20044
92.99 4.20064
93 4.20085
93.01 4.20105
93.02 4.20126
93.03 4.20146
93.04 4.20167
93.05 4.20187
93.06 4.20208
93.07 4.20228
93.08 4.20249
93.09 4.20269
93.1 4.2029
93.11 4.2031
93.12 4.20331
93.13 4.20351
93.14 4.20372
93.15 4.20392
93.16 4.20412
93.17 4.20433
93.18 4.20453
93.19 4.20474
93.2 4.20494
93.21 4.20515
93.22 4.20535
93.23 4.20556
93.24 4.20576
93.25 4.20597
93.26 4.20617
93.27 4.20637
93.28 4.20658
93.29 4.20678
93.3 4.20699
93.31 4.20719
93.32 4.2074
93.33 4.2076
93.34 4.20781
93.35 4.20801
93.36 4.20821
93.37 4.20842
93.38 4.20862
93.39 4.20883
93.4 4.20903
93.41 4.20923
93.42 4.20944
93.43 4.20964
93.44 4.20985
93.45 4.21005
93.46 4.21026
93.47 4.21046
93.48 4.21066
93.49 4.21087
93.5 4.21107
93.51 4.21128
93.52 4.21148
93.53 4.21168
93.54 4.21189
93.55 4.21209
93.56 4.2123
93.57 4.2125
93.58 4.2127
93.59 4.21291
93.6 4.21311
93.61 4.21332
93.62 4.21352
93.63 4.21372
93.64 4.21393
93.65 4.21413
93.66 4.21433
93.67 4.21454
93.68 4.21474
93.69 4.21495
93.7 4.21515
93.71 4.21535
93.72 4.21556
93.73 4.21576
93.74 4.21596
93.75 4.21617
93.76 4.21637
93.77 4.21658
93.78 4.21678
93.79 4.21698
93.8 4.21719
93.81 4.21739
93.82 4.21759
93.83 4.2178
93.84 4.218
93.85 4.2182
93.86 4.21841
93.87 4.21861
93.88 4.21881
93.89 4.21902
93.9 4.21922
93.91 4.21942
93.92 4.21963
93.93 4.21983
93.94 4.22003
93.95 4.22024
93.96 4.22044
93.97 4.22064
93.98 4.22085
93.99 4.22105
94 4.22125
94.01 4.22146
94.02 4.22166
94.03 4.22186
94.04 4.22207
94.05 4.22227
94.06 4.22247
94.07 4.22268
94.08 4.22288
94.09 4.22308
94.1 4.22328
94.11 4.22349
94.12 4.22369
94.13 4.22389
94.14 4.2241
94.15 4.2243
94.16 4.2245
94.17 4.22471
94.18 4.22491
94.19 4.22511
94.2 4.22531
94.21 4.22552
94.22 4.22572
94.23 4.22592
94.24 4.22613
94.25 4.22633
94.26 4.22653
94.27 4.22673
94.28 4.22694
94.29 4.22714
94.3 4.22734
94.31 4.22755
94.32 4.22775
94.33 4.22795
94.34 4.22815
94.35 4.22836
94.36 4.22856
94.37 4.22876
94.38 4.22896
94.39 4.22917
94.4 4.22937
94.41 4.22957
94.42 4.22977
94.43 4.22998
94.44 4.23018
94.45 4.23038
94.46 4.23058
94.47 4.23079
94.48 4.23099
94.49 4.23119
94.5 4.23139
94.51 4.2316
94.52 4.2318
94.53 4.232
94.54 4.2322
94.55 4.23241
94.56 4.23261
94.57 4.23281
94.58 4.23301
94.59 4.23321
94.6 4.23342
94.61 4.23362
94.62 4.23382
94.63 4.23402
94.64 4.23423
94.65 4.23443
94.66 4.23463
94.67 4.23483
94.68 4.23503
94.69 4.23524
94.7 4.23544
94.71 4.23564
94.72 4.23584
94.73 4.23604
94.74 4.23625
94.75 4.23645
94.76 4.23665
94.77 4.23685
94.78 4.23705
94.79 4.23726
94.8 4.23746
94.81 4.23766
94.82 4.23786
94.83 4.23806
94.84 4.23827
94.85 4.23847
94.86 4.23867
94.87 4.23887
94.88 4.23907
94.89 4.23928
94.9 4.23948
94.91 4.23968
94.92 4.23988
94.93 4.24008
94.94 4.24028
94.95 4.24049
94.96 4.24069
94.97 4.24089
94.98 4.24109
94.99 4.24129
95 4.24149
95.01 4.24169
95.02 4.2419
95.03 4.2421
95.04 4.2423
95.05 4.2425
95.06 4.2427
95.07 4.2429
95.08 4.24311
95.09 4.24331
95.1 4.24351
95.11 4.24371
95.12 4.24391
95.13 4.24411
95.14 4.24431
95.15 4.24452
95.16 4.24472
95.17 4.24492
95.18 4.24512
95.19 4.24532
95.2 4.24552
95.21 4.24572
95.22 4.24592
95.23 4.24613
95.24 4.24633
95.25 4.24653
95.26 4.24673
95.27 4.24693
95.28 4.24713
95.29 4.24733
95.3 4.24753
95.31 4.24773
95.32 4.24794
95.33 4.24814
95.34 4.24834
95.35 4.24854
95.36 4.24874
95.37 4.24894
95.38 4.24914
95.39 4.24934
95.4 4.24954
95.41 4.24974
95.42 4.24995
95.43 4.25015
95.44 4.25035
95.45 4.25055
95.46 4.25075
95.47 4.25095
95.48 4.25115
95.49 4.25135
95.5 4.25155
95.51 4.25175
95.52 4.25195
95.53 4.25215
95.54 4.25235
95.55 4.25256
95.56 4.25276
95.57 4.25296
95.58 4.25316
95.59 4.25336
95.6 4.25356
95.61 4.25376
95.62 4.25396
95.63 4.25416
95.64 4.25436
95.65 4.25456
95.66 4.25476
95.67 4.25496
95.68 4.25516
95.69 4.25536
95.7 4.25556
95.71 4.25576
95.72 4.25596
95.73 4.25617
95.74 4.25637
95.75 4.25657
95.76 4.25677
95.77 4.25697
95.78 4.25717
95.79 4.25737
95.8 4.25757
95.81 4.25777
95.82 4.25797
95.83 4.25817
95.84 4.25837
95.85 4.25857
95.86 4.25877
95.87 4.25897
95.88 4.25917
95.89 4.25937
95.9 4.25957
95.91 4.25977
95.92 4.25997
95.93 4.26017
95.94 4.26037
95.95 4.26057
95.96 4.26077
95.97 4.26097
95.98 4.26117
95.99 4.26137
96 4.26157
96.01 4.26177
96.02 4.26197
96.03 4.26217
96.04 4.26237
96.05 4.26257
96.06 4.26277
96.07 4.26297
96.08 4.26317
96.09 4.26337
96.1 4.26357
96.11 4.26377
96.12 4.26397
96.13 4.26417
96.14 4.26437
96.15 4.26457
96.16 4.26477
96.17 4.26497
96.18 4.26517
96.19 4.26537
96.2 4.26557
96.21 4.26577
96.22 4.26596
96.23 4.26616
96.24 4.26636
96.25 4.26656
96.26 4.26676
96.27 4.26696
96.28 4.26716
96.29 4.26736
96.3 4.26756
96.31 4.26776
96.32 4.26796
96.33 4.26816
96.34 4.26836
96.35 4.26856
96.36 4.26876
96.37 4.26896
96.38 4.26916
96.39 4.26936
96.4 4.26955
96.41 4.26975
96.42 4.26995
96.43 4.27015
96.44 4.27035
96.45 4.27055
96.46 4.27075
96.47 4.27095
96.48 4.27115
96.49 4.27135
96.5 4.27155
96.51 4.27175
96.52 4.27195
96.53 4.27214
96.54 4.27234
96.55 4.27254
96.56 4.27274
96.57 4.27294
96.58 4.27314
96.59 4.27334
96.6 4.27354
96.61 4.27374
96.62 4.27394
96.63 4.27413
96.64 4.27433
96.65 4.27453
96.66 4.27473
96.67 4.27493
96.68 4.27513
96.69 4.27533
96.7 4.27553
96.71 4.27573
96.72 4.27592
96.73 4.27612
96.74 4.27632
96.75 4.27652
96.76 4.27672
96.77 4.27692
96.78 4.27712
96.79 4.27732
96.8 4.27751
96.81 4.27771
96.82 4.27791
96.83 4.27811
96.84 4.27831
96.85 4.27851
96.86 4.27871
96.87 4.2789
96.88 4.2791
96.89 4.2793
96.9 4.2795
96.91 4.2797
96.92 4.2799
96.93 4.2801
96.94 4.28029
96.95 4.28049
96.96 4.28069
96.97 4.28089
96.98 4.28109
96.99 4.28129
97 4.28148
97.01 4.28168
97.02 4.28188
97.03 4.28208
97.04 4.28228
97.05 4.28248
97.06 4.28267
97.07 4.28287
97.08 4.28307
97.09 4.28327
97.1 4.28347
97.11 4.28366
97.12 4.28386
97.13 4.28406
97.14 4.28426
97.15 4.28446
97.16 4.28466
97.17 4.28485
97.18 4.28505
97.19 4.28525
97.2 4.28545
97.21 4.28565
97.22 4.28584
97.23 4.28604
97.24 4.28624
97.25 4.28644
97.26 4.28664
97.27 4.28683
97.28 4.28703
97.29 4.28723
97.3 4.28743
97.31 4.28763
97.32 4.28782
97.33 4.28802
97.34 4.28822
97.35 4.28842
97.36 4.28861
97.37 4.28881
97.38 4.28901
97.39 4.28921
97.4 4.2894
97.41 4.2896
97.42 4.2898
97.43 4.29
97.44 4.2902
97.45 4.29039
97.46 4.29059
97.47 4.29079
97.48 4.29099
97.49 4.29118
97.5 4.29138
97.51 4.29158
97.52 4.29178
97.53 4.29197
97.54 4.29217
97.55 4.29237
97.56 4.29257
97.57 4.29276
97.58 4.29296
97.59 4.29316
97.6 4.29336
97.61 4.29355
97.62 4.29375
97.63 4.29395
97.64 4.29415
97.65 4.29434
97.66 4.29454
97.67 4.29474
97.68 4.29493
97.69 4.29513
97.7 4.29533
97.71 4.29553
97.72 4.29572
97.73 4.29592
97.74 4.29612
97.75 4.29631
97.76 4.29651
97.77 4.29671
97.78 4.29691
97.79 4.2971
97.8 4.2973
97.81 4.2975
97.82 4.29769
97.83 4.29789
97.84 4.29809
97.85 4.29829
97.86 4.29848
97.87 4.29868
97.88 4.29888
97.89 4.29907
97.9 4.29927
97.91 4.29947
97.92 4.29966
97.93 4.29986
97.94 4.30006
97.95 4.30025
97.96 4.30045
97.97 4.30065
97.98 4.30084
97.99 4.30104
98 4.30124
98.01 4.30143
98.02 4.30163
98.03 4.30183
98.04 4.30203
98.05 4.30222
98.06 4.30242
98.07 4.30262
98.08 4.30281
98.09 4.30301
98.1 4.3032
98.11 4.3034
98.12 4.3036
98.13 4.30379
98.14 4.30399
98.15 4.30419
98.16 4.30438
98.17 4.30458
98.18 4.30478
98.19 4.30497
98.2 4.30517
98.21 4.30537
98.22 4.30556
98.23 4.30576
98.24 4.30596
98.25 4.30615
98.26 4.30635
98.27 4.30654
98.28 4.30674
98.29 4.30694
98.3 4.30713
98.31 4.30733
98.32 4.30753
98.33 4.30772
98.34 4.30792
98.35 4.30811
98.36 4.30831
98.37 4.30851
98.38 4.3087
98.39 4.3089
98.4 4.3091
98.41 4.30929
98.42 4.30949
98.43 4.30968
98.44 4.30988
98.45 4.31008
98.46 4.31027
98.47 4.31047
98.48 4.31066
98.49 4.31086
98.5 4.31106
98.51 4.31125
98.52 4.31145
98.53 4.31164
98.54 4.31184
98.55 4.31204
98.56 4.31223
98.57 4.31243
98.58 4.31262
98.59 4.31282
98.6 4.31301
98.61 4.31321
98.62 4.31341
98.63 4.3136
98.64 4.3138
98.65 4.31399
98.66 4.31419
98.67 4.31438
98.68 4.31458
98.69 4.31478
98.7 4.31497
98.71 4.31517
98.72 4.31536
98.73 4.31556
98.74 4.31575
98.75 4.31595
98.76 4.31614
98.77 4.31634
98.78 4.31654
98.79 4.31673
98.8 4.31693
98.81 4.31712
98.82 4.31732
98.83 4.31751
98.84 4.31771
98.85 4.3179
98.86 4.3181
98.87 4.31829
98.88 4.31849
98.89 4.31869
98.9 4.31888
98.91 4.31908
98.92 4.31927
98.93 4.31947
98.94 4.31966
98.95 4.31986
98.96 4.32005
98.97 4.32025
98.98 4.32044
98.99 4.32064
99 4.32083
99.01 4.32103
99.02 4.32122
99.03 4.32142
99.04 4.32161
99.05 4.32181
99.06 4.322
99.07 4.3222
99.08 4.32239
99.09 4.32259
99.1 4.32278
99.11 4.32298
99.12 4.32317
99.13 4.32337
99.14 4.32356
99.15 4.32376
99.16 4.32395
99.17 4.32415
99.18 4.32434
99.19 4.32454
99.2 4.32473
99.21 4.32493
99.22 4.32512
99.23 4.32532
99.24 4.32551
99.25 4.32571
99.26 4.3259
99.27 4.3261
99.28 4.32629
99.29 4.32649
99.3 4.32668
99.31 4.32688
99.32 4.32707
99.33 4.32727
99.34 4.32746
99.35 4.32765
99.36 4.32785
99.37 4.32804
99.38 4.32824
99.39 4.32843
99.4 4.32863
99.41 4.32882
99.42 4.32902
99.43 4.32921
99.44 4.32941
99.45 4.3296
99.46 4.32979
99.47 4.32999
99.48 4.33018
99.49 4.33038
99.5 4.33057
99.51 4.33077
99.52 4.33096
99.53 4.33115
99.54 4.33135
99.55 4.33154
99.56 4.33174
99.57 4.33193
99.58 4.33213
99.59 4.33232
99.6 4.33251
99.61 4.33271
99.62 4.3329
99.63 4.3331
99.64 4.33329
99.65 4.33349
99.66 4.33368
99.67 4.33387
99.68 4.33407
99.69 4.33426
99.7 4.33446
99.71 4.33465
99.72 4.33484
99.73 4.33504
99.74 4.33523
99.75 4.33543
99.76 4.33562
99.77 4.33581
99.78 4.33601
99.79 4.3362
99.8 4.3364
99.81 4.33659
99.82 4.33678
99.83 4.33698
99.84 4.33717
99.85 4.33737
99.86 4.33756
99.87 4.33775
99.88 4.33795
99.89 4.33814
99.9 4.33833
99.91 4.33853
99.92 4.33872
99.93 4.33892
99.94 4.33911
99.95 4.3393
99.96 4.3395
99.97 4.33969
99.98 4.33988
99.99 4.34008
100 4.34027
100.01 4.34046
100.02 4.34066
100.03 4.34085
100.04 4.34105
100.05 4.34124
100.06 4.34143
100.07 4.34163
100.08 4.34182
100.09 4.34201
100.1 4.34221
100.11 4.3424
100.12 4.34259
100.13 4.34279
100.14 4.34298
100.15 4.34317
100.16 4.34337
100.17 4.34356
100.18 4.34375
100.19 4.34395
100.2 4.34414
100.21 4.34433
100.22 4.34453
100.23 4.34472
100.24 4.34491
100.25 4.34511
100.26 4.3453
100.27 4.34549
100.28 4.34569
100.29 4.34588
100.3 4.34607
100.31 4.34626
100.32 4.34646
100.33 4.34665
100.34 4.34684
100.35 4.34704
100.36 4.34723
100.37 4.34742
100.38 4.34762
100.39 4.34781
100.4 4.348
100.41 4.3482
100.42 4.34839
100.43 4.34858
100.44 4.34877
100.45 4.34897
100.46 4.34916
100.47 4.34935
100.48 4.34955
100.49 4.34974
100.5 4.34993
100.51 4.35012
100.52 4.35032
100.53 4.35051
100.54 4.3507
100.55 4.3509
100.56 4.35109
100.57 4.35128
100.58 4.35147
100.59 4.35167
100.6 4.35186
100.61 4.35205
100.62 4.35224
100.63 4.35244
100.64 4.35263
100.65 4.35282
100.66 4.35301
100.67 4.35321
100.68 4.3534
100.69 4.35359
100.7 4.35378
100.71 4.35398
100.72 4.35417
100.73 4.35436
100.74 4.35455
100.75 4.35475
100.76 4.35494
100.77 4.35513
100.78 4.35532
100.79 4.35552
100.8 4.35571
100.81 4.3559
100.82 4.35609
100.83 4.35629
100.84 4.35648
100.85 4.35667
100.86 4.35686
100.87 4.35705
100.88 4.35725
100.89 4.35744
100.9 4.35763
100.91 4.35782
100.92 4.35802
100.93 4.35821
100.94 4.3584
100.95 4.35859
100.96 4.35878
100.97 4.35898
100.98 4.35917
100.99 4.35936
101 4.35955
101.01 4.35974
101.02 4.35994
101.03 4.36013
101.04 4.36032
101.05 4.36051
101.06 4.3607
101.07 4.3609
101.08 4.36109
101.09 4.36128
101.1 4.36147
101.11 4.36166
101.12 4.36186
101.13 4.36205
101.14 4.36224
101.15 4.36243
101.16 4.36262
101.17 4.36281
101.18 4.36301
101.19 4.3632
101.2 4.36339
101.21 4.36358
101.22 4.36377
101.23 4.36397
101.24 4.36416
101.25 4.36435
101.26 4.36454
101.27 4.36473
101.28 4.36492
101.29 4.36512
101.3 4.36531
101.31 4.3655
101.32 4.36569
101.33 4.36588
101.34 4.36607
101.35 4.36626
101.36 4.36646
101.37 4.36665
101.38 4.36684
101.39 4.36703
101.4 4.36722
101.41 4.36741
101.42 4.3676
101.43 4.3678
101.44 4.36799
101.45 4.36818
101.46 4.36837
101.47 4.36856
101.48 4.36875
101.49 4.36894
101.5 4.36914
101.51 4.36933
101.52 4.36952
101.53 4.36971
101.54 4.3699
101.55 4.37009
101.56 4.37028
101.57 4.37047
101.58 4.37066
101.59 4.37086
101.6 4.37105
101.61 4.37124
101.62 4.37143
101.63 4.37162
101.64 4.37181
101.65 4.372
101.66 4.37219
101.67 4.37238
101.68 4.37258
101.69 4.37277
101.7 4.37296
101.71 4.37315
101.72 4.37334
101.73 4.37353
101.74 4.37372
101.75 4.37391
101.76 4.3741
101.77 4.37429
101.78 4.37448
101.79 4.37468
101.8 4.37487
101.81 4.37506
101.82 4.37525
101.83 4.37544
101.84 4.37563
101.85 4.37582
101.86 4.37601
101.87 4.3762
101.88 4.37639
101.89 4.37658
101.9 4.37677
101.91 4.37696
101.92 4.37715
101.93 4.37735
101.94 4.37754
101.95 4.37773
101.96 4.37792
101.97 4.37811
101.98 4.3783
101.99 4.37849
102 4.37868
102.01 4.37887
102.02 4.37906
102.03 4.37925
102.04 4.37944
102.05 4.37963
102.06 4.37982
102.07 4.38001
102.08 4.3802
102.09 4.38039
102.1 4.38058
102.11 4.38077
102.12 4.38096
102.13 4.38115
102.14 4.38134
102.15 4.38154
102.16 4.38173
102.17 4.38192
102.18 4.38211
102.19 4.3823
102.2 4.38249
102.21 4.38268
102.22 4.38287
102.23 4.38306
102.24 4.38325
102.25 4.38344
102.26 4.38363
102.27 4.38382
102.28 4.38401
102.29 4.3842
102.3 4.38439
102.31 4.38458
102.32 4.38477
102.33 4.38496
102.34 4.38515
102.35 4.38534
102.36 4.38553
102.37 4.38572
102.38 4.38591
102.39 4.3861
102.4 4.38629
102.41 4.38648
102.42 4.38667
102.43 4.38686
102.44 4.38705
102.45 4.38724
102.46 4.38743
102.47 4.38762
102.48 4.38781
102.49 4.388
102.5 4.38819
102.51 4.38837
102.52 4.38856
102.53 4.38875
102.54 4.38894
102.55 4.38913
102.56 4.38932
102.57 4.38951
102.58 4.3897
102.59 4.38989
102.6 4.39008
102.61 4.39027
102.62 4.39046
102.63 4.39065
102.64 4.39084
102.65 4.39103
102.66 4.39122
102.67 4.39141
102.68 4.3916
102.69 4.39179
102.7 4.39198
102.71 4.39217
102.72 4.39236
102.73 4.39254
102.74 4.39273
102.75 4.39292
102.76 4.39311
102.77 4.3933
102.78 4.39349
102.79 4.39368
102.8 4.39387
102.81 4.39406
102.82 4.39425
102.83 4.39444
102.84 4.39463
102.85 4.39482
102.86 4.39501
102.87 4.39519
102.88 4.39538
102.89 4.39557
102.9 4.39576
102.91 4.39595
102.92 4.39614
102.93 4.39633
102.94 4.39652
102.95 4.39671
102.96 4.3969
102.97 4.39709
102.98 4.39727
102.99 4.39746
103 4.39765
103.01 4.39784
103.02 4.39803
103.03 4.39822
103.04 4.39841
103.05 4.3986
103.06 4.39879
103.07 4.39898
103.08 4.39916
103.09 4.39935
103.1 4.39954
103.11 4.39973
103.12 4.39992
103.13 4.40011
103.14 4.4003
103.15 4.40049
103.16 4.40067
103.17 4.40086
103.18 4.40105
103.19 4.40124
103.2 4.40143
103.21 4.40162
103.22 4.40181
103.23 4.402
103.24 4.40218
103.25 4.40237
103.26 4.40256
103.27 4.40275
103.28 4.40294
103.29 4.40313
103.3 4.40332
103.31 4.4035
103.32 4.40369
103.33 4.40388
103.34 4.40407
103.35 4.40426
103.36 4.40445
103.37 4.40463
103.38 4.40482
103.39 4.40501
103.4 4.4052
103.41 4.40539
103.42 4.40558
103.43 4.40576
103.44 4.40595
103.45 4.40614
103.46 4.40633
103.47 4.40652
103.48 4.40671
103.49 4.40689
103.5 4.40708
103.51 4.40727
103.52 4.40746
103.53 4.40765
103.54 4.40784
103.55 4.40802
103.56 4.40821
103.57 4.4084
103.58 4.40859
103.59 4.40878
103.6 4.40896
103.61 4.40915
103.62 4.40934
103.63 4.40953
103.64 4.40972
103.65 4.4099
103.66 4.41009
103.67 4.41028
103.68 4.41047
103.69 4.41066
103.7 4.41084
103.71 4.41103
103.72 4.41122
103.73 4.41141
103.74 4.4116
103.75 4.41178
103.76 4.41197
103.77 4.41216
103.78 4.41235
103.79 4.41253
103.8 4.41272
103.81 4.41291
103.82 4.4131
103.83 4.41329
103.84 4.41347
103.85 4.41366
103.86 4.41385
103.87 4.41404
103.88 4.41422
103.89 4.41441
103.9 4.4146
103.91 4.41479
103.92 4.41497
103.93 4.41516
103.94 4.41535
103.95 4.41554
103.96 4.41572
103.97 4.41591
103.98 4.4161
103.99 4.41629
104 4.41647
104.01 4.41666
104.02 4.41685
104.03 4.41704
104.04 4.41722
104.05 4.41741
104.06 4.4176
104.07 4.41779
104.08 4.41797
104.09 4.41816
104.1 4.41835
104.11 4.41854
104.12 4.41872
104.13 4.41891
104.14 4.4191
104.15 4.41928
104.16 4.41947
104.17 4.41966
104.18 4.41985
104.19 4.42003
104.2 4.42022
104.21 4.42041
104.22 4.42059
104.23 4.42078
104.24 4.42097
104.25 4.42116
104.26 4.42134
104.27 4.42153
104.28 4.42172
104.29 4.4219
104.3 4.42209
104.31 4.42228
104.32 4.42247
104.33 4.42265
104.34 4.42284
104.35 4.42303
104.36 4.42321
104.37 4.4234
104.38 4.42359
104.39 4.42377
104.4 4.42396
104.41 4.42415
104.42 4.42433
104.43 4.42452
104.44 4.42471
104.45 4.42489
104.46 4.42508
104.47 4.42527
104.48 4.42545
104.49 4.42564
104.5 4.42583
104.51 4.42602
104.52 4.4262
104.53 4.42639
104.54 4.42658
104.55 4.42676
104.56 4.42695
104.57 4.42713
104.58 4.42732
104.59 4.42751
104.6 4.42769
104.61 4.42788
104.62 4.42807
104.63 4.42825
104.64 4.42844
104.65 4.42863
104.66 4.42881
104.67 4.429
104.68 4.42919
104.69 4.42937
104.7 4.42956
104.71 4.42975
104.72 4.42993
104.73 4.43012
104.74 4.4303
104.75 4.43049
104.76 4.43068
104.77 4.43086
104.78 4.43105
104.79 4.43124
104.8 4.43142
104.81 4.43161
104.82 4.4318
104.83 4.43198
104.84 4.43217
104.85 4.43235
104.86 4.43254
104.87 4.43273
104.88 4.43291
104.89 4.4331
104.9 4.43328
104.91 4.43347
104.92 4.43366
104.93 4.43384
104.94 4.43403
104.95 4.43421
104.96 4.4344
104.97 4.43459
104.98 4.43477
104.99 4.43496
105 4.43514
105.01 4.43533
105.02 4.43552
105.03 4.4357
105.04 4.43589
105.05 4.43607
105.06 4.43626
105.07 4.43645
105.08 4.43663
105.09 4.43682
105.1 4.437
105.11 4.43719
105.12 4.43738
105.13 4.43756
105.14 4.43775
105.15 4.43793
105.16 4.43812
105.17 4.4383
105.18 4.43849
105.19 4.43868
105.2 4.43886
105.21 4.43905
105.22 4.43923
105.23 4.43942
105.24 4.4396
105.25 4.43979
105.26 4.43997
105.27 4.44016
105.28 4.44035
105.29 4.44053
105.3 4.44072
105.31 4.4409
105.32 4.44109
105.33 4.44127
105.34 4.44146
105.35 4.44164
105.36 4.44183
105.37 4.44202
105.38 4.4422
105.39 4.44239
105.4 4.44257
105.41 4.44276
105.42 4.44294
105.43 4.44313
105.44 4.44331
105.45 4.4435
105.46 4.44368
105.47 4.44387
105.48 4.44405
105.49 4.44424
105.5 4.44442
105.51 4.44461
105.52 4.44479
105.53 4.44498
105.54 4.44516
105.55 4.44535
105.56 4.44554
105.57 4.44572
105.58 4.44591
105.59 4.44609
105.6 4.44628
105.61 4.44646
105.62 4.44665
105.63 4.44683
105.64 4.44702
105.65 4.4472
105.66 4.44739
105.67 4.44757
105.68 4.44776
105.69 4.44794
105.7 4.44813
105.71 4.44831
105.72 4.4485
105.73 4.44868
105.74 4.44886
105.75 4.44905
105.76 4.44923
105.77 4.44942
105.78 4.4496
105.79 4.44979
105.8 4.44997
105.81 4.45016
105.82 4.45034
105.83 4.45053
105.84 4.45071
105.85 4.4509
105.86 4.45108
105.87 4.45127
105.88 4.45145
105.89 4.45164
105.9 4.45182
105.91 4.45201
105.92 4.45219
105.93 4.45237
105.94 4.45256
105.95 4.45274
105.96 4.45293
105.97 4.45311
105.98 4.4533
105.99 4.45348
106 4.45367
106.01 4.45385
106.02 4.45404
106.03 4.45422
106.04 4.4544
106.05 4.45459
106.06 4.45477
106.07 4.45496
106.08 4.45514
106.09 4.45533
106.1 4.45551
106.11 4.45569
106.12 4.45588
106.13 4.45606
106.14 4.45625
106.15 4.45643
106.16 4.45662
106.17 4.4568
106.18 4.45698
106.19 4.45717
106.2 4.45735
106.21 4.45754
106.22 4.45772
106.23 4.45791
106.24 4.45809
106.25 4.45827
106.26 4.45846
106.27 4.45864
106.28 4.45883
106.29 4.45901
106.3 4.45919
106.31 4.45938
106.32 4.45956
106.33 4.45975
106.34 4.45993
106.35 4.46011
106.36 4.4603
106.37 4.46048
106.38 4.46067
106.39 4.46085
106.4 4.46103
106.41 4.46122
106.42 4.4614
106.43 4.46158
106.44 4.46177
106.45 4.46195
106.46 4.46214
106.47 4.46232
106.48 4.4625
106.49 4.46269
106.5 4.46287
106.51 4.46305
106.52 4.46324
106.53 4.46342
106.54 4.46361
106.55 4.46379
106.56 4.46397
106.57 4.46416
106.58 4.46434
106.59 4.46452
106.6 4.46471
106.61 4.46489
106.62 4.46507
106.63 4.46526
106.64 4.46544
106.65 4.46563
106.66 4.46581
106.67 4.46599
106.68 4.46618
106.69 4.46636
106.7 4.46654
106.71 4.46673
106.72 4.46691
106.73 4.46709
106.74 4.46728
106.75 4.46746
106.76 4.46764
106.77 4.46783
106.78 4.46801
106.79 4.46819
106.8 4.46838
106.81 4.46856
106.82 4.46874
106.83 4.46893
106.84 4.46911
106.85 4.46929
106.86 4.46948
106.87 4.46966
106.88 4.46984
106.89 4.47003
106.9 4.47021
106.91 4.47039
106.92 4.47057
106.93 4.47076
106.94 4.47094
106.95 4.47112
106.96 4.47131
106.97 4.47149
106.98 4.47167
106.99 4.47186
107 4.47204
107.01 4.47222
107.02 4.47241
107.03 4.47259
107.04 4.47277
107.05 4.47295
107.06 4.47314
107.07 4.47332
107.08 4.4735
107.09 4.47369
107.1 4.47387
107.11 4.47405
107.12 4.47423
107.13 4.47442
107.14 4.4746
107.15 4.47478
107.16 4.47497
107.17 4.47515
107.18 4.47533
107.19 4.47551
107.2 4.4757
107.21 4.47588
107.22 4.47606
107.23 4.47624
107.24 4.47643
107.25 4.47661
107.26 4.47679
107.27 4.47697
107.28 4.47716
107.29 4.47734
107.3 4.47752
107.31 4.4777
107.32 4.47789
107.33 4.47807
107.34 4.47825
107.35 4.47843
107.36 4.47862
107.37 4.4788
107.38 4.47898
107.39 4.47916
107.4 4.47935
107.41 4.47953
107.42 4.47971
107.43 4.47989
107.44 4.48008
107.45 4.48026
107.46 4.48044
107.47 4.48062
107.48 4.48081
107.49 4.48099
107.5 4.48117
107.51 4.48135
107.52 4.48153
107.53 4.48172
107.54 4.4819
107.55 4.48208
107.56 4.48226
107.57 4.48245
107.58 4.48263
107.59 4.48281
107.6 4.48299
107.61 4.48317
107.62 4.48336
107.63 4.48354
107.64 4.48372
107.65 4.4839
107.66 4.48408
107.67 4.48427
107.68 4.48445
107.69 4.48463
107.7 4.48481
107.71 4.48499
107.72 4.48518
107.73 4.48536
107.74 4.48554
107.75 4.48572
107.76 4.4859
107.77 4.48609
107.78 4.48627
107.79 4.48645
107.8 4.48663
107.81 4.48681
107.82 4.487
107.83 4.48718
107.84 4.48736
107.85 4.48754
107.86 4.48772
107.87 4.4879
107.88 4.48809
107.89 4.48827
107.9 4.48845
107.91 4.48863
107.92 4.48881
107.93 4.48899
107.94 4.48918
107.95 4.48936
107.96 4.48954
107.97 4.48972
107.98 4.4899
107.99 4.49008
108 4.49027
108.01 4.49045
108.02 4.49063
108.03 4.49081
108.04 4.49099
108.05 4.49117
108.06 4.49135
108.07 4.49154
108.08 4.49172
108.09 4.4919
108.1 4.49208
108.11 4.49226
108.12 4.49244
108.13 4.49262
108.14 4.49281
108.15 4.49299
108.16 4.49317
108.17 4.49335
108.18 4.49353
108.19 4.49371
108.2 4.49389
108.21 4.49407
108.22 4.49426
108.23 4.49444
108.24 4.49462
108.25 4.4948
108.26 4.49498
108.27 4.49516
108.28 4.49534
108.29 4.49552
108.3 4.4957
108.31 4.49589
108.32 4.49607
108.33 4.49625
108.34 4.49643
108.35 4.49661
108.36 4.49679
108.37 4.49697
108.38 4.49715
108.39 4.49733
108.4 4.49751
108.41 4.4977
108.42 4.49788
108.43 4.49806
108.44 4.49824
108.45 4.49842
108.46 4.4986
108.47 4.49878
108.48 4.49896
108.49 4.49914
108.5 4.49932
108.51 4.4995
108.52 4.49968
108.53 4.49987
108.54 4.50005
108.55 4.50023
108.56 4.50041
108.57 4.50059
108.58 4.50077
108.59 4.50095
108.6 4.50113
108.61 4.50131
108.62 4.50149
108.63 4.50167
108.64 4.50185
108.65 4.50203
108.66 4.50221
108.67 4.50239
108.68 4.50258
108.69 4.50276
108.7 4.50294
108.71 4.50312
108.72 4.5033
108.73 4.50348
108.74 4.50366
108.75 4.50384
108.76 4.50402
108.77 4.5042
108.78 4.50438
108.79 4.50456
108.8 4.50474
108.81 4.50492
108.82 4.5051
108.83 4.50528
108.84 4.50546
108.85 4.50564
108.86 4.50582
108.87 4.506
108.88 4.50618
108.89 4.50636
108.9 4.50654
108.91 4.50672
108.92 4.5069
108.93 4.50708
108.94 4.50726
108.95 4.50744
108.96 4.50762
108.97 4.5078
108.98 4.50799
108.99 4.50817
109 4.50835
109.01 4.50853
109.02 4.50871
109.03 4.50889
109.04 4.50907
109.05 4.50925
109.06 4.50943
109.07 4.50961
109.08 4.50979
109.09 4.50997
109.1 4.51015
109.11 4.51033
109.12 4.51051
109.13 4.51068
109.14 4.51086
109.15 4.51104
109.16 4.51122
109.17 4.5114
109.18 4.51158
109.19 4.51176
109.2 4.51194
109.21 4.51212
109.22 4.5123
109.23 4.51248
109.24 4.51266
109.25 4.51284
109.26 4.51302
109.27 4.5132
109.28 4.51338
109.29 4.51356
109.3 4.51374
109.31 4.51392
109.32 4.5141
109.33 4.51428
109.34 4.51446
109.35 4.51464
109.36 4.51482
109.37 4.515
109.38 4.51518
109.39 4.51536
109.4 4.51554
109.41 4.51572
109.42 4.5159
109.43 4.51608
109.44 4.51625
109.45 4.51643
109.46 4.51661
109.47 4.51679
109.48 4.51697
109.49 4.51715
109.5 4.51733
109.51 4.51751
109.52 4.51769
109.53 4.51787
109.54 4.51805
109.55 4.51823
109.56 4.51841
109.57 4.51859
109.58 4.51877
109.59 4.51894
109.6 4.51912
109.61 4.5193
109.62 4.51948
109.63 4.51966
109.64 4.51984
109.65 4.52002
109.66 4.5202
109.67 4.52038
109.68 4.52056
109.69 4.52074
109.7 4.52092
109.71 4.52109
109.72 4.52127
109.73 4.52145
109.74 4.52163
109.75 4.52181
109.76 4.52199
109.77 4.52217
109.78 4.52235
109.79 4.52253
109.8 4.52271
109.81 4.52288
109.82 4.52306
109.83 4.52324
109.84 4.52342
109.85 4.5236
109.86 4.52378
109.87 4.52396
109.88 4.52414
109.89 4.52431
109.9 4.52449
109.91 4.52467
109.92 4.52485
109.93 4.52503
109.94 4.52521
109.95 4.52539
109.96 4.52557
109.97 4.52574
109.98 4.52592
109.99 4.5261
110 4.52628
110.01 4.52646
110.02 4.52664
110.03 4.52682
110.04 4.527
110.05 4.52717
110.06 4.52735
110.07 4.52753
110.08 4.52771
110.09 4.52789
110.1 4.52807
110.11 4.52824
110.12 4.52842
110.13 4.5286
110.14 4.52878
110.15 4.52896
110.16 4.52914
110.17 4.52932
110.18 4.52949
110.19 4.52967
110.2 4.52985
110.21 4.53003
110.22 4.53021
110.23 4.53039
110.24 4.53056
110.25 4.53074
110.26 4.53092
110.27 4.5311
110.28 4.53128
110.29 4.53146
110.3 4.53163
110.31 4.53181
110.32 4.53199
110.33 4.53217
110.34 4.53235
110.35 4.53252
110.36 4.5327
110.37 4.53288
110.38 4.53306
110.39 4.53324
110.4 4.53341
110.41 4.53359
110.42 4.53377
110.43 4.53395
110.44 4.53413
110.45 4.5343
110.46 4.53448
110.47 4.53466
110.48 4.53484
110.49 4.53502
110.5 4.53519
110.51 4.53537
110.52 4.53555
110.53 4.53573
110.54 4.53591
110.55 4.53608
110.56 4.53626
110.57 4.53644
110.58 4.53662
110.59 4.5368
110.6 4.53697
110.61 4.53715
110.62 4.53733
110.63 4.53751
110.64 4.53768
110.65 4.53786
110.66 4.53804
110.67 4.53822
110.68 4.53839
110.69 4.53857
110.7 4.53875
110.71 4.53893
110.72 4.53911
110.73 4.53928
110.74 4.53946
110.75 4.53964
110.76 4.53982
110.77 4.53999
110.78 4.54017
110.79 4.54035
110.8 4.54053
110.81 4.5407
110.82 4.54088
110.83 4.54106
110.84 4.54124
110.85 4.54141
110.86 4.54159
110.87 4.54177
110.88 4.54195
110.89 4.54212
110.9 4.5423
110.91 4.54248
110.92 4.54265
110.93 4.54283
110.94 4.54301
110.95 4.54319
110.96 4.54336
110.97 4.54354
110.98 4.54372
110.99 4.5439
111 4.54407
111.01 4.54425
111.02 4.54443
111.03 4.5446
111.04 4.54478
111.05 4.54496
111.06 4.54514
111.07 4.54531
111.08 4.54549
111.09 4.54567
111.1 4.54584
111.11 4.54602
111.12 4.5462
111.13 4.54638
111.14 4.54655
111.15 4.54673
111.16 4.54691
111.17 4.54708
111.18 4.54726
111.19 4.54744
111.2 4.54761
111.21 4.54779
111.22 4.54797
111.23 4.54814
111.24 4.54832
111.25 4.5485
111.26 4.54868
111.27 4.54885
111.28 4.54903
111.29 4.54921
111.3 4.54938
111.31 4.54956
111.32 4.54974
111.33 4.54991
111.34 4.55009
111.35 4.55027
111.36 4.55044
111.37 4.55062
111.38 4.5508
111.39 4.55097
111.4 4.55115
111.41 4.55133
111.42 4.5515
111.43 4.55168
111.44 4.55186
111.45 4.55203
111.46 4.55221
111.47 4.55239
111.48 4.55256
111.49 4.55274
111.5 4.55292
111.51 4.55309
111.52 4.55327
111.53 4.55344
111.54 4.55362
111.55 4.5538
111.56 4.55397
111.57 4.55415
111.58 4.55433
111.59 4.5545
111.6 4.55468
111.61 4.55486
111.62 4.55503
111.63 4.55521
111.64 4.55538
111.65 4.55556
111.66 4.55574
111.67 4.55591
111.68 4.55609
111.69 4.55627
111.7 4.55644
111.71 4.55662
111.72 4.55679
111.73 4.55697
111.74 4.55715
111.75 4.55732
111.76 4.5575
111.77 4.55768
111.78 4.55785
111.79 4.55803
111.8 4.5582
111.81 4.55838
111.82 4.55856
111.83 4.55873
111.84 4.55891
111.85 4.55908
111.86 4.55926
111.87 4.55944
111.88 4.55961
111.89 4.55979
111.9 4.55996
111.91 4.56014
111.92 4.56032
111.93 4.56049
111.94 4.56067
111.95 4.56084
111.96 4.56102
111.97 4.56119
111.98 4.56137
111.99 4.56155
112 4.56172
112.01 4.5619
112.02 4.56207
112.03 4.56225
112.04 4.56243
112.05 4.5626
112.06 4.56278
112.07 4.56295
112.08 4.56313
112.09 4.5633
112.1 4.56348
112.11 4.56366
112.12 4.56383
112.13 4.56401
112.14 4.56418
112.15 4.56436
112.16 4.56453
112.17 4.56471
112.18 4.56488
112.19 4.56506
112.2 4.56524
112.21 4.56541
112.22 4.56559
112.23 4.56576
112.24 4.56594
112.25 4.56611
112.26 4.56629
112.27 4.56646
112.28 4.56664
112.29 4.56681
112.3 4.56699
112.31 4.56716
112.32 4.56734
112.33 4.56752
112.34 4.56769
112.35 4.56787
112.36 4.56804
112.37 4.56822
112.38 4.56839
112.39 4.56857
112.4 4.56874
112.41 4.56892
112.42 4.56909
112.43 4.56927
112.44 4.56944
112.45 4.56962
112.46 4.56979
112.47 4.56997
112.48 4.57014
112.49 4.57032
112.5 4.57049
112.51 4.57067
112.52 4.57084
112.53 4.57102
112.54 4.57119
112.55 4.57137
112.56 4.57154
112.57 4.57172
112.58 4.57189
112.59 4.57207
112.6 4.57224
112.61 4.57242
112.62 4.57259
112.63 4.57277
112.64 4.57294
112.65 4.57312
112.66 4.57329
112.67 4.57347
112.68 4.57364
112.69 4.57382
112.7 4.57399
112.71 4.57417
112.72 4.57434
112.73 4.57452
112.74 4.57469
112.75 4.57487
112.76 4.57504
112.77 4.57522
112.78 4.57539
112.79 4.57557
112.8 4.57574
112.81 4.57591
112.82 4.57609
112.83 4.57626
112.84 4.57644
112.85 4.57661
112.86 4.57679
112.87 4.57696
112.88 4.57714
112.89 4.57731
112.9 4.57749
112.91 4.57766
112.92 4.57783
112.93 4.57801
112.94 4.57818
112.95 4.57836
112.96 4.57853
112.97 4.57871
112.98 4.57888
112.99 4.57906
113 4.57923
113.01 4.5794
113.02 4.57958
113.03 4.57975
113.04 4.57993
113.05 4.5801
113.06 4.58028
113.07 4.58045
113.08 4.58063
113.09 4.5808
113.1 4.58097
113.11 4.58115
113.12 4.58132
113.13 4.5815
113.14 4.58167
113.15 4.58184
113.16 4.58202
113.17 4.58219
113.18 4.58237
113.19 4.58254
113.2 4.58272
113.21 4.58289
113.22 4.58306
113.23 4.58324
113.24 4.58341
113.25 4.58359
113.26 4.58376
113.27 4.58393
113.28 4.58411
113.29 4.58428
113.3 4.58446
113.31 4.58463
113.32 4.5848
113.33 4.58498
113.34 4.58515
113.35 4.58533
113.36 4.5855
113.37 4.58567
113.38 4.58585
113.39 4.58602
113.4 4.58619
113.41 4.58637
113.42 4.58654
113.43 4.58672
113.44 4.58689
113.45 4.58706
113.46 4.58724
113.47 4.58741
113.48 4.58758
113.49 4.58776
113.5 4.58793
113.51 4.58811
113.52 4.58828
113.53 4.58845
113.54 4.58863
113.55 4.5888
113.56 4.58897
113.57 4.58915
113.58 4.58932
113.59 4.58949
113.6 4.58967
113.61 4.58984
113.62 4.59002
113.63 4.59019
113.64 4.59036
113.65 4.59054
113.66 4.59071
113.67 4.59088
113.68 4.59106
113.69 4.59123
113.7 4.5914
113.71 4.59158
113.72 4.59175
113.73 4.59192
113.74 4.5921
113.75 4.59227
113.76 4.59244
113.77 4.59262
113.78 4.59279
113.79 4.59296
113.8 4.59314
113.81 4.59331
113.82 4.59348
113.83 4.59366
113.84 4.59383
113.85 4.594
113.86 4.59418
113.87 4.59435
113.88 4.59452
113.89 4.59469
113.9 4.59487
113.91 4.59504
113.92 4.59521
113.93 4.59539
113.94 4.59556
113.95 4.59573
113.96 4.59591
113.97 4.59608
113.98 4.59625
113.99 4.59643
114 4.5966
114.01 4.59677
114.02 4.59694
114.03 4.59712
114.04 4.59729
114.05 4.59746
114.06 4.59764
114.07 4.59781
114.08 4.59798
114.09 4.59815
114.1 4.59833
114.11 4.5985
114.12 4.59867
114.13 4.59885
114.14 4.59902
114.15 4.59919
114.16 4.59936
114.17 4.59954
114.18 4.59971
114.19 4.59988
114.2 4.60006
114.21 4.60023
114.22 4.6004
114.23 4.60057
114.24 4.60075
114.25 4.60092
114.26 4.60109
114.27 4.60126
114.28 4.60144
114.29 4.60161
114.3 4.60178
114.31 4.60195
114.32 4.60213
114.33 4.6023
114.34 4.60247
114.35 4.60264
114.36 4.60282
114.37 4.60299
114.38 4.60316
114.39 4.60333
114.4 4.60351
114.41 4.60368
114.42 4.60385
114.43 4.60402
114.44 4.6042
114.45 4.60437
114.46 4.60454
114.47 4.60471
114.48 4.60489
114.49 4.60506
114.5 4.60523
114.51 4.6054
114.52 4.60557
114.53 4.60575
114.54 4.60592
114.55 4.60609
114.56 4.60626
114.57 4.60644
114.58 4.60661
114.59 4.60678
114.6 4.60695
114.61 4.60712
114.62 4.6073
114.63 4.60747
114.64 4.60764
114.65 4.60781
114.66 4.60799
114.67 4.60816
114.68 4.60833
114.69 4.6085
114.7 4.60867
114.71 4.60885
114.72 4.60902
114.73 4.60919
114.74 4.60936
114.75 4.60953
114.76 4.60971
114.77 4.60988
114.78 4.61005
114.79 4.61022
114.8 4.61039
114.81 4.61056
114.82 4.61074
114.83 4.61091
114.84 4.61108
114.85 4.61125
114.86 4.61142
114.87 4.6116
114.88 4.61177
114.89 4.61194
114.9 4.61211
114.91 4.61228
114.92 4.61245
114.93 4.61263
114.94 4.6128
114.95 4.61297
114.96 4.61314
114.97 4.61331
114.98 4.61348
114.99 4.61366
115 4.61383
115.01 4.614
115.02 4.61417
115.03 4.61434
115.04 4.61451
115.05 4.61469
115.06 4.61486
115.07 4.61503
115.08 4.6152
115.09 4.61537
115.1 4.61554
115.11 4.61571
115.12 4.61589
115.13 4.61606
115.14 4.61623
115.15 4.6164
115.16 4.61657
115.17 4.61674
115.18 4.61691
115.19 4.61709
115.2 4.61726
115.21 4.61743
115.22 4.6176
115.23 4.61777
115.24 4.61794
115.25 4.61811
115.26 4.61828
115.27 4.61846
115.28 4.61863
115.29 4.6188
115.3 4.61897
115.31 4.61914
115.32 4.61931
115.33 4.61948
115.34 4.61965
115.35 4.61982
115.36 4.62
115.37 4.62017
115.38 4.62034
115.39 4.62051
115.4 4.62068
115.41 4.62085
115.42 4.62102
115.43 4.62119
115.44 4.62136
115.45 4.62154
115.46 4.62171
115.47 4.62188
115.48 4.62205
115.49 4.62222
115.5 4.62239
115.51 4.62256
115.52 4.62273
115.53 4.6229
115.54 4.62307
115.55 4.62324
115.56 4.62342
115.57 4.62359
115.58 4.62376
115.59 4.62393
115.6 4.6241
115.61 4.62427
115.62 4.62444
115.63 4.62461
115.64 4.62478
115.65 4.62495
115.66 4.62512
115.67 4.62529
115.68 4.62546
115.69 4.62563
115.7 4.62581
115.71 4.62598
115.72 4.62615
115.73 4.62632
115.74 4.62649
115.75 4.62666
115.76 4.62683
115.77 4.627
115.78 4.62717
115.79 4.62734
115.8 4.62751
115.81 4.62768
115.82 4.62785
115.83 4.62802
115.84 4.62819
115.85 4.62836
115.86 4.62853
115.87 4.6287
115.88 4.62887
115.89 4.62904
115.9 4.62922
115.91 4.62939
115.92 4.62956
115.93 4.62973
115.94 4.6299
115.95 4.63007
115.96 4.63024
115.97 4.63041
115.98 4.63058
115.99 4.63075
116 4.63092
116.01 4.63109
116.02 4.63126
116.03 4.63143
116.04 4.6316
116.05 4.63177
116.06 4.63194
116.07 4.63211
116.08 4.63228
116.09 4.63245
116.1 4.63262
116.11 4.63279
116.12 4.63296
116.13 4.63313
116.14 4.6333
116.15 4.63347
116.16 4.63364
116.17 4.63381
116.18 4.63398
116.19 4.63415
116.2 4.63432
116.21 4.63449
116.22 4.63466
116.23 4.63483
116.24 4.635
116.25 4.63517
116.26 4.63534
116.27 4.63551
116.28 4.63568
116.29 4.63585
116.3 4.63602
116.31 4.63619
116.32 4.63636
116.33 4.63653
116.34 4.6367
116.35 4.63687
116.36 4.63704
116.37 4.63721
116.38 4.63738
116.39 4.63755
116.4 4.63772
116.41 4.63789
116.42 4.63806
116.43 4.63822
116.44 4.63839
116.45 4.63856
116.46 4.63873
116.47 4.6389
116.48 4.63907
116.49 4.63924
116.5 4.63941
116.51 4.63958
116.52 4.63975
116.53 4.63992
116.54 4.64009
116.55 4.64026
116.56 4.64043
116.57 4.6406
116.58 4.64077
116.59 4.64094
116.6 4.64111
116.61 4.64128
116.62 4.64145
116.63 4.64161
116.64 4.64178
116.65 4.64195
116.66 4.64212
116.67 4.64229
116.68 4.64246
116.69 4.64263
116.7 4.6428
116.71 4.64297
116.72 4.64314
116.73 4.64331
116.74 4.64348
116.75 4.64365
116.76 4.64382
116.77 4.64398
116.78 4.64415
116.79 4.64432
116.8 4.64449
116.81 4.64466
116.82 4.64483
116.83 4.645
116.84 4.64517
116.85 4.64534
116.86 4.64551
116.87 4.64568
116.88 4.64584
116.89 4.64601
116.9 4.64618
116.91 4.64635
116.92 4.64652
116.93 4.64669
116.94 4.64686
116.95 4.64703
116.96 4.6472
116.97 4.64737
116.98 4.64753
116.99 4.6477
117 4.64787
117.01 4.64804
117.02 4.64821
117.03 4.64838
117.04 4.64855
117.05 4.64872
117.06 4.64888
117.07 4.64905
117.08 4.64922
117.09 4.64939
117.1 4.64956
117.11 4.64973
117.12 4.6499
117.13 4.65007
117.14 4.65023
117.15 4.6504
117.16 4.65057
117.17 4.65074
117.18 4.65091
117.19 4.65108
117.2 4.65125
117.21 4.65141
117.22 4.65158
117.23 4.65175
117.24 4.65192
117.25 4.65209
117.26 4.65226
117.27 4.65243
117.28 4.65259
117.29 4.65276
117.3 4.65293
117.31 4.6531
117.32 4.65327
117.33 4.65344
117.34 4.65361
117.35 4.65377
117.36 4.65394
117.37 4.65411
117.38 4.65428
117.39 4.65445
117.4 4.65462
117.41 4.65478
117.42 4.65495
117.43 4.65512
117.44 4.65529
117.45 4.65546
117.46 4.65562
117.47 4.65579
117.48 4.65596
117.49 4.65613
117.5 4.6563
117.51 4.65647
117.52 4.65663
117.53 4.6568
117.54 4.65697
117.55 4.65714
117.56 4.65731
117.57 4.65747
117.58 4.65764
117.59 4.65781
117.6 4.65798
117.61 4.65815
117.62 4.65831
117.63 4.65848
117.64 4.65865
117.65 4.65882
117.66 4.65899
117.67 4.65915
117.68 4.65932
117.69 4.65949
117.7 4.65966
117.71 4.65983
117.72 4.65999
117.73 4.66016
117.74 4.66033
117.75 4.6605
117.76 4.66067
117.77 4.66083
117.78 4.661
117.79 4.66117
117.8 4.66134
117.81 4.6615
117.82 4.66167
117.83 4.66184
117.84 4.66201
117.85 4.66218
117.86 4.66234
117.87 4.66251
117.88 4.66268
117.89 4.66285
117.9 4.66301
117.91 4.66318
117.92 4.66335
117.93 4.66352
117.94 4.66368
117.95 4.66385
117.96 4.66402
117.97 4.66419
117.98 4.66435
117.99 4.66452
118 4.66469
118.01 4.66486
118.02 4.66502
118.03 4.66519
118.04 4.66536
118.05 4.66553
118.06 4.66569
118.07 4.66586
118.08 4.66603
118.09 4.6662
118.1 4.66636
118.11 4.66653
118.12 4.6667
118.13 4.66687
118.14 4.66703
118.15 4.6672
118.16 4.66737
118.17 4.66753
118.18 4.6677
118.19 4.66787
118.2 4.66804
118.21 4.6682
118.22 4.66837
118.23 4.66854
118.24 4.66871
118.25 4.66887
118.26 4.66904
118.27 4.66921
118.28 4.66937
118.29 4.66954
118.3 4.66971
118.31 4.66988
118.32 4.67004
118.33 4.67021
118.34 4.67038
118.35 4.67054
118.36 4.67071
118.37 4.67088
118.38 4.67104
118.39 4.67121
118.4 4.67138
118.41 4.67155
118.42 4.67171
118.43 4.67188
118.44 4.67205
118.45 4.67221
118.46 4.67238
118.47 4.67255
118.48 4.67271
118.49 4.67288
118.5 4.67305
118.51 4.67321
118.52 4.67338
118.53 4.67355
118.54 4.67371
118.55 4.67388
118.56 4.67405
118.57 4.67421
118.58 4.67438
118.59 4.67455
118.6 4.67471
118.61 4.67488
118.62 4.67505
118.63 4.67521
118.64 4.67538
118.65 4.67555
118.66 4.67571
118.67 4.67588
118.68 4.67605
118.69 4.67621
118.7 4.67638
118.71 4.67655
118.72 4.67671
118.73 4.67688
118.74 4.67705
118.75 4.67721
118.76 4.67738
118.77 4.67755
118.78 4.67771
118.79 4.67788
118.8 4.67805
118.81 4.67821
118.82 4.67838
118.83 4.67855
118.84 4.67871
118.85 4.67888
118.86 4.67904
118.87 4.67921
118.88 4.67938
118.89 4.67954
118.9 4.67971
118.91 4.67988
118.92 4.68004
118.93 4.68021
118.94 4.68037
118.95 4.68054
118.96 4.68071
118.97 4.68087
118.98 4.68104
118.99 4.68121
119 4.68137
119.01 4.68154
119.02 4.6817
119.03 4.68187
119.04 4.68204
119.05 4.6822
119.06 4.68237
119.07 4.68253
119.08 4.6827
119.09 4.68287
119.1 4.68303
119.11 4.6832
119.12 4.68336
119.13 4.68353
119.14 4.6837
119.15 4.68386
119.16 4.68403
119.17 4.68419
119.18 4.68436
119.19 4.68453
119.2 4.68469
119.21 4.68486
119.22 4.68502
119.23 4.68519
119.24 4.68536
119.25 4.68552
119.26 4.68569
119.27 4.68585
119.28 4.68602
119.29 4.68618
119.3 4.68635
119.31 4.68652
119.32 4.68668
119.33 4.68685
119.34 4.68701
119.35 4.68718
119.36 4.68734
119.37 4.68751
119.38 4.68768
119.39 4.68784
119.4 4.68801
119.41 4.68817
119.42 4.68834
119.43 4.6885
119.44 4.68867
119.45 4.68884
119.46 4.689
119.47 4.68917
119.48 4.68933
119.49 4.6895
119.5 4.68966
119.51 4.68983
119.52 4.68999
119.53 4.69016
119.54 4.69032
119.55 4.69049
119.56 4.69066
119.57 4.69082
119.58 4.69099
119.59 4.69115
119.6 4.69132
119.61 4.69148
119.62 4.69165
119.63 4.69181
119.64 4.69198
119.65 4.69214
119.66 4.69231
119.67 4.69247
119.68 4.69264
119.69 4.6928
119.7 4.69297
119.71 4.69313
119.72 4.6933
119.73 4.69347
119.74 4.69363
119.75 4.6938
119.76 4.69396
119.77 4.69413
119.78 4.69429
119.79 4.69446
119.8 4.69462
119.81 4.69479
119.82 4.69495
119.83 4.69512
119.84 4.69528
119.85 4.69545
119.86 4.69561
119.87 4.69578
119.88 4.69594
119.89 4.69611
119.9 4.69627
119.91 4.69644
119.92 4.6966
119.93 4.69677
119.94 4.69693
119.95 4.6971
119.96 4.69726
119.97 4.69743
119.98 4.69759
119.99 4.69776
120 4.69792
120.01 4.69808
120.02 4.69825
120.03 4.69841
120.04 4.69858
120.05 4.69874
120.06 4.69891
120.07 4.69907
120.08 4.69924
120.09 4.6994
120.1 4.69957
120.11 4.69973
120.12 4.6999
120.13 4.70006
120.14 4.70023
120.15 4.70039
120.16 4.70056
120.17 4.70072
120.18 4.70088
120.19 4.70105
120.2 4.70121
120.21 4.70138
120.22 4.70154
120.23 4.70171
120.24 4.70187
120.25 4.70204
120.26 4.7022
120.27 4.70237
120.28 4.70253
120.29 4.70269
120.3 4.70286
120.31 4.70302
120.32 4.70319
120.33 4.70335
120.34 4.70352
120.35 4.70368
120.36 4.70384
120.37 4.70401
120.38 4.70417
120.39 4.70434
120.4 4.7045
120.41 4.70467
120.42 4.70483
120.43 4.70499
120.44 4.70516
120.45 4.70532
120.46 4.70549
120.47 4.70565
120.48 4.70582
120.49 4.70598
120.5 4.70614
120.51 4.70631
120.52 4.70647
120.53 4.70664
120.54 4.7068
120.55 4.70696
120.56 4.70713
120.57 4.70729
120.58 4.70746
120.59 4.70762
120.6 4.70779
120.61 4.70795
120.62 4.70811
120.63 4.70828
120.64 4.70844
120.65 4.7086
120.66 4.70877
120.67 4.70893
120.68 4.7091
120.69 4.70926
120.7 4.70942
120.71 4.70959
120.72 4.70975
120.73 4.70992
120.74 4.71008
120.75 4.71024
120.76 4.71041
120.77 4.71057
120.78 4.71074
120.79 4.7109
120.8 4.71106
120.81 4.71123
120.82 4.71139
120.83 4.71155
120.84 4.71172
120.85 4.71188
120.86 4.71204
120.87 4.71221
120.88 4.71237
120.89 4.71254
120.9 4.7127
120.91 4.71286
120.92 4.71303
120.93 4.71319
120.94 4.71335
120.95 4.71352
120.96 4.71368
120.97 4.71384
120.98 4.71401
120.99 4.71417
121 4.71434
121.01 4.7145
121.02 4.71466
121.03 4.71483
121.04 4.71499
121.05 4.71515
121.06 4.71532
121.07 4.71548
121.08 4.71564
121.09 4.71581
121.1 4.71597
121.11 4.71613
121.12 4.7163
121.13 4.71646
121.14 4.71662
121.15 4.71679
121.16 4.71695
121.17 4.71711
121.18 4.71728
121.19 4.71744
121.2 4.7176
121.21 4.71777
121.22 4.71793
121.23 4.71809
121.24 4.71825
121.25 4.71842
121.26 4.71858
121.27 4.71874
121.28 4.71891
121.29 4.71907
121.3 4.71923
121.31 4.7194
121.32 4.71956
121.33 4.71972
121.34 4.71989
121.35 4.72005
121.36 4.72021
121.37 4.72038
121.38 4.72054
121.39 4.7207
121.4 4.72086
121.41 4.72103
121.42 4.72119
121.43 4.72135
121.44 4.72152
121.45 4.72168
121.46 4.72184
121.47 4.722
121.48 4.72217
121.49 4.72233
121.5 4.72249
121.51 4.72266
121.52 4.72282
121.53 4.72298
121.54 4.72314
121.55 4.72331
121.56 4.72347
121.57 4.72363
121.58 4.7238
121.59 4.72396
121.6 4.72412
121.61 4.72428
121.62 4.72445
121.63 4.72461
121.64 4.72477
121.65 4.72493
121.66 4.7251
121.67 4.72526
121.68 4.72542
121.69 4.72558
121.7 4.72575
121.71 4.72591
121.72 4.72607
121.73 4.72623
121.74 4.7264
121.75 4.72656
121.76 4.72672
121.77 4.72688
121.78 4.72705
121.79 4.72721
121.8 4.72737
121.81 4.72753
121.82 4.7277
121.83 4.72786
121.84 4.72802
121.85 4.72818
121.86 4.72835
121.87 4.72851
121.88 4.72867
121.89 4.72883
121.9 4.729
121.91 4.72916
121.92 4.72932
121.93 4.72948
121.94 4.72964
121.95 4.72981
121.96 4.72997
121.97 4.73013
121.98 4.73029
121.99 4.73046
122 4.73062
122.01 4.73078
122.02 4.73094
122.03 4.7311
122.04 4.73127
122.05 4.73143
122.06 4.73159
122.07 4.73175
122.08 4.73191
122.09 4.73208
122.1 4.73224
122.11 4.7324
122.12 4.73256
122.13 4.73272
122.14 4.73289
122.15 4.73305
122.16 4.73321
122.17 4.73337
122.18 4.73353
122.19 4.7337
122.2 4.73386
122.21 4.73402
122.22 4.73418
122.23 4.73434
122.24 4.73451
122.25 4.73467
122.26 4.73483
122.27 4.73499
122.28 4.73515
122.29 4.73532
122.3 4.73548
122.31 4.73564
122.32 4.7358
122.33 4.73596
122.34 4.73612
122.35 4.73629
122.36 4.73645
122.37 4.73661
122.38 4.73677
122.39 4.73693
122.4 4.73709
122.41 4.73726
122.42 4.73742
122.43 4.73758
122.44 4.73774
122.45 4.7379
122.46 4.73806
122.47 4.73823
122.48 4.73839
122.49 4.73855
122.5 4.73871
122.51 4.73887
122.52 4.73903
122.53 4.73919
122.54 4.73936
122.55 4.73952
122.56 4.73968
122.57 4.73984
122.58 4.74
122.59 4.74016
122.6 4.74032
122.61 4.74049
122.62 4.74065
122.63 4.74081
122.64 4.74097
122.65 4.74113
122.66 4.74129
122.67 4.74145
122.68 4.74162
122.69 4.74178
122.7 4.74194
122.71 4.7421
122.72 4.74226
122.73 4.74242
122.74 4.74258
122.75 4.74274
122.76 4.7429
122.77 4.74307
122.78 4.74323
122.79 4.74339
122.8 4.74355
122.81 4.74371
122.82 4.74387
122.83 4.74403
122.84 4.74419
122.85 4.74435
122.86 4.74452
122.87 4.74468
122.88 4.74484
122.89 4.745
122.9 4.74516
122.91 4.74532
122.92 4.74548
122.93 4.74564
122.94 4.7458
122.95 4.74596
122.96 4.74613
122.97 4.74629
122.98 4.74645
122.99 4.74661
123 4.74677
123.01 4.74693
123.02 4.74709
123.03 4.74725
123.04 4.74741
123.05 4.74757
123.06 4.74773
123.07 4.74789
123.08 4.74806
123.09 4.74822
123.1 4.74838
123.11 4.74854
123.12 4.7487
123.13 4.74886
123.14 4.74902
123.15 4.74918
123.16 4.74934
123.17 4.7495
123.18 4.74966
123.19 4.74982
123.2 4.74998
123.21 4.75014
123.22 4.7503
123.23 4.75047
123.24 4.75063
123.25 4.75079
123.26 4.75095
123.27 4.75111
123.28 4.75127
123.29 4.75143
123.3 4.75159
123.31 4.75175
123.32 4.75191
123.33 4.75207
123.34 4.75223
123.35 4.75239
123.36 4.75255
123.37 4.75271
123.38 4.75287
123.39 4.75303
123.4 4.75319
123.41 4.75335
123.42 4.75351
123.43 4.75367
123.44 4.75383
123.45 4.75399
123.46 4.75415
123.47 4.75432
123.48 4.75448
123.49 4.75464
123.5 4.7548
123.51 4.75496
123.52 4.75512
123.53 4.75528
123.54 4.75544
123.55 4.7556
123.56 4.75576
123.57 4.75592
123.58 4.75608
123.59 4.75624
123.6 4.7564
123.61 4.75656
123.62 4.75672
123.63 4.75688
123.64 4.75704
123.65 4.7572
123.66 4.75736
123.67 4.75752
123.68 4.75768
123.69 4.75784
123.7 4.758
123.71 4.75816
123.72 4.75832
123.73 4.75848
123.74 4.75864
123.75 4.7588
123.76 4.75896
123.77 4.75912
123.78 4.75928
123.79 4.75944
123.8 4.7596
123.81 4.75976
123.82 4.75992
123.83 4.76008
123.84 4.76024
123.85 4.7604
123.86 4.76055
123.87 4.76071
123.88 4.76087
123.89 4.76103
123.9 4.76119
123.91 4.76135
123.92 4.76151
123.93 4.76167
123.94 4.76183
123.95 4.76199
123.96 4.76215
123.97 4.76231
123.98 4.76247
123.99 4.76263
124 4.76279
124.01 4.76295
124.02 4.76311
124.03 4.76327
124.04 4.76343
124.05 4.76359
124.06 4.76375
124.07 4.76391
124.08 4.76407
124.09 4.76423
124.1 4.76439
124.11 4.76454
124.12 4.7647
124.13 4.76486
124.14 4.76502
124.15 4.76518
124.16 4.76534
124.17 4.7655
124.18 4.76566
124.19 4.76582
124.2 4.76598
124.21 4.76614
124.22 4.7663
124.23 4.76646
124.24 4.76662
124.25 4.76677
124.26 4.76693
124.27 4.76709
124.28 4.76725
124.29 4.76741
124.3 4.76757
124.31 4.76773
124.32 4.76789
124.33 4.76805
124.34 4.76821
124.35 4.76837
124.36 4.76853
124.37 4.76868
124.38 4.76884
124.39 4.769
124.4 4.76916
124.41 4.76932
124.42 4.76948
124.43 4.76964
124.44 4.7698
124.45 4.76996
124.46 4.77012
124.47 4.77028
124.48 4.77043
124.49 4.77059
124.5 4.77075
124.51 4.77091
124.52 4.77107
124.53 4.77123
124.54 4.77139
124.55 4.77155
124.56 4.77171
124.57 4.77186
124.58 4.77202
124.59 4.77218
124.6 4.77234
124.61 4.7725
124.62 4.77266
124.63 4.77282
124.64 4.77298
124.65 4.77313
124.66 4.77329
124.67 4.77345
124.68 4.77361
124.69 4.77377
124.7 4.77393
124.71 4.77409
124.72 4.77424
124.73 4.7744
124.74 4.77456
124.75 4.77472
124.76 4.77488
124.77 4.77504
124.78 4.7752
124.79 4.77535
124.8 4.77551
124.81 4.77567
124.82 4.77583
124.83 4.77599
124.84 4.77615
124.85 4.77631
124.86 4.77646
124.87 4.77662
124.88 4.77678
124.89 4.77694
124.9 4.7771
124.91 4.77726
124.92 4.77741
124.93 4.77757
124.94 4.77773
124.95 4.77789
124.96 4.77805
124.97 4.77821
124.98 4.77836
124.99 4.77852
125 4.77868
125.01 4.77884
125.02 4.779
125.03 4.77916
125.04 4.77931
125.05 4.77947
125.06 4.77963
125.07 4.77979
125.08 4.77995
125.09 4.78011
125.1 4.78026
125.11 4.78042
125.12 4.78058
125.13 4.78074
125.14 4.7809
125.15 4.78105
125.16 4.78121
125.17 4.78137
125.18 4.78153
125.19 4.78169
125.2 4.78184
125.21 4.782
125.22 4.78216
125.23 4.78232
125.24 4.78248
125.25 4.78263
125.26 4.78279
125.27 4.78295
125.28 4.78311
125.29 4.78327
125.3 4.78342
125.31 4.78358
125.32 4.78374
125.33 4.7839
125.34 4.78405
125.35 4.78421
125.36 4.78437
125.37 4.78453
125.38 4.78469
125.39 4.78484
125.4 4.785
125.41 4.78516
125.42 4.78532
125.43 4.78547
125.44 4.78563
125.45 4.78579
125.46 4.78595
125.47 4.78611
125.48 4.78626
125.49 4.78642
125.5 4.78658
125.51 4.78674
125.52 4.78689
125.53 4.78705
125.54 4.78721
125.55 4.78737
125.56 4.78752
125.57 4.78768
125.58 4.78784
125.59 4.788
125.6 4.78815
125.61 4.78831
125.62 4.78847
125.63 4.78863
125.64 4.78878
125.65 4.78894
125.66 4.7891
125.67 4.78926
125.68 4.78941
125.69 4.78957
125.7 4.78973
125.71 4.78989
125.72 4.79004
125.73 4.7902
125.74 4.79036
125.75 4.79052
125.76 4.79067
125.77 4.79083
125.78 4.79099
125.79 4.79114
125.8 4.7913
125.81 4.79146
125.82 4.79162
125.83 4.79177
125.84 4.79193
125.85 4.79209
125.86 4.79224
125.87 4.7924
125.88 4.79256
125.89 4.79272
125.9 4.79287
125.91 4.79303
125.92 4.79319
125.93 4.79334
125.94 4.7935
125.95 4.79366
125.96 4.79382
125.97 4.79397
125.98 4.79413
125.99 4.79429
126 4.79444
126.01 4.7946
126.02 4.79476
126.03 4.79491
126.04 4.79507
126.05 4.79523
126.06 4.79539
126.07 4.79554
126.08 4.7957
126.09 4.79586
126.1 4.79601
126.11 4.79617
126.12 4.79633
126.13 4.79648
126.14 4.79664
126.15 4.7968
126.16 4.79695
126.17 4.79711
126.18 4.79727
126.19 4.79742
126.2 4.79758
126.21 4.79774
126.22 4.79789
126.23 4.79805
126.24 4.79821
126.25 4.79836
126.26 4.79852
126.27 4.79868
126.28 4.79883
126.29 4.79899
126.3 4.79915
126.31 4.7993
126.32 4.79946
126.33 4.79962
126.34 4.79977
126.35 4.79993
126.36 4.80009
126.37 4.80024
126.38 4.8004
126.39 4.80056
126.4 4.80071
126.41 4.80087
126.42 4.80103
126.43 4.80118
126.44 4.80134
126.45 4.8015
126.46 4.80165
126.47 4.80181
126.48 4.80196
126.49 4.80212
126.5 4.80228
126.51 4.80243
126.52 4.80259
126.53 4.80275
126.54 4.8029
126.55 4.80306
126.56 4.80321
126.57 4.80337
126.58 4.80353
126.59 4.80368
126.6 4.80384
126.61 4.804
126.62 4.80415
126.63 4.80431
126.64 4.80446
126.65 4.80462
126.66 4.80478
126.67 4.80493
126.68 4.80509
126.69 4.80525
126.7 4.8054
126.71 4.80556
126.72 4.80571
126.73 4.80587
126.74 4.80603
126.75 4.80618
126.76 4.80634
126.77 4.80649
126.78 4.80665
126.79 4.80681
126.8 4.80696
126.81 4.80712
126.82 4.80727
126.83 4.80743
126.84 4.80759
126.85 4.80774
126.86 4.8079
126.87 4.80805
126.88 4.80821
126.89 4.80836
126.9 4.80852
126.91 4.80868
126.92 4.80883
126.93 4.80899
126.94 4.80914
126.95 4.8093
126.96 4.80946
126.97 4.80961
126.98 4.80977
126.99 4.80992
127 4.81008
127.01 4.81023
127.02 4.81039
127.03 4.81055
127.04 4.8107
127.05 4.81086
127.06 4.81101
127.07 4.81117
127.08 4.81132
127.09 4.81148
127.1 4.81163
127.11 4.81179
127.12 4.81195
127.13 4.8121
127.14 4.81226
127.15 4.81241
127.16 4.81257
127.17 4.81272
127.18 4.81288
127.19 4.81303
127.2 4.81319
127.21 4.81335
127.22 4.8135
127.23 4.81366
127.24 4.81381
127.25 4.81397
127.26 4.81412
127.27 4.81428
127.28 4.81443
127.29 4.81459
127.3 4.81474
127.31 4.8149
127.32 4.81505
127.33 4.81521
127.34 4.81537
127.35 4.81552
127.36 4.81568
127.37 4.81583
127.38 4.81599
127.39 4.81614
127.4 4.8163
127.41 4.81645
127.42 4.81661
127.43 4.81676
127.44 4.81692
127.45 4.81707
127.46 4.81723
127.47 4.81738
127.48 4.81754
127.49 4.81769
127.5 4.81785
127.51 4.818
127.52 4.81816
127.53 4.81831
127.54 4.81847
127.55 4.81862
127.56 4.81878
127.57 4.81893
127.58 4.81909
127.59 4.81924
127.6 4.8194
127.61 4.81955
127.62 4.81971
127.63 4.81986
127.64 4.82002
127.65 4.82017
127.66 4.82033
127.67 4.82048
127.68 4.82064
127.69 4.82079
127.7 4.82095
127.71 4.8211
127.72 4.82126
127.73 4.82141
127.74 4.82157
127.75 4.82172
127.76 4.82188
127.77 4.82203
127.78 4.82219
127.79 4.82234
127.8 4.82249
127.81 4.82265
127.82 4.8228
127.83 4.82296
127.84 4.82311
127.85 4.82327
127.86 4.82342
127.87 4.82358
127.88 4.82373
127.89 4.82389
127.9 4.82404
127.91 4.8242
127.92 4.82435
127.93 4.8245
127.94 4.82466
127.95 4.82481
127.96 4.82497
127.97 4.82512
127.98 4.82528
127.99 4.82543
128 4.82559
128.01 4.82574
128.02 4.82589
128.03 4.82605
128.04 4.8262
128.05 4.82636
128.06 4.82651
128.07 4.82667
128.08 4.82682
128.09 4.82698
128.1 4.82713
128.11 4.82728
128.12 4.82744
128.13 4.82759
128.14 4.82775
128.15 4.8279
128.16 4.82806
128.17 4.82821
128.18 4.82836
128.19 4.82852
128.2 4.82867
128.21 4.82883
128.22 4.82898
128.23 4.82913
128.24 4.82929
128.25 4.82944
128.26 4.8296
128.27 4.82975
128.28 4.82991
128.29 4.83006
128.3 4.83021
128.31 4.83037
128.32 4.83052
128.33 4.83068
128.34 4.83083
128.35 4.83098
128.36 4.83114
128.37 4.83129
128.38 4.83145
128.39 4.8316
128.4 4.83175
128.41 4.83191
128.42 4.83206
128.43 4.83222
128.44 4.83237
128.45 4.83252
128.46 4.83268
128.47 4.83283
128.48 4.83298
128.49 4.83314
128.5 4.83329
128.51 4.83345
128.52 4.8336
128.53 4.83375
128.54 4.83391
128.55 4.83406
128.56 4.83421
128.57 4.83437
128.58 4.83452
128.59 4.83468
128.6 4.83483
128.61 4.83498
128.62 4.83514
128.63 4.83529
128.64 4.83544
128.65 4.8356
128.66 4.83575
128.67 4.83591
128.68 4.83606
128.69 4.83621
128.7 4.83637
128.71 4.83652
128.72 4.83667
128.73 4.83683
128.74 4.83698
128.75 4.83713
128.76 4.83729
128.77 4.83744
128.78 4.83759
128.79 4.83775
128.8 4.8379
128.81 4.83805
128.82 4.83821
128.83 4.83836
128.84 4.83851
128.85 4.83867
128.86 4.83882
128.87 4.83897
128.88 4.83913
128.89 4.83928
128.9 4.83943
128.91 4.83959
128.92 4.83974
128.93 4.83989
128.94 4.84005
128.95 4.8402
128.96 4.84035
128.97 4.84051
128.98 4.84066
128.99 4.84081
129 4.84097
129.01 4.84112
129.02 4.84127
129.03 4.84143
129.04 4.84158
129.05 4.84173
129.06 4.84189
129.07 4.84204
129.08 4.84219
129.09 4.84235
129.1 4.8425
129.11 4.84265
129.12 4.8428
129.13 4.84296
129.14 4.84311
129.15 4.84326
129.16 4.84342
129.17 4.84357
129.18 4.84372
129.19 4.84388
129.2 4.84403
129.21 4.84418
129.22 4.84433
129.23 4.84449
129.24 4.84464
129.25 4.84479
129.26 4.84495
129.27 4.8451
129.28 4.84525
129.29 4.8454
129.3 4.84556
129.31 4.84571
129.32 4.84586
129.33 4.84602
129.34 4.84617
129.35 4.84632
129.36 4.84647
129.37 4.84663
129.38 4.84678
129.39 4.84693
129.4 4.84708
129.41 4.84724
129.42 4.84739
129.43 4.84754
129.44 4.8477
129.45 4.84785
129.46 4.848
129.47 4.84815
129.48 4.84831
129.49 4.84846
129.5 4.84861
129.51 4.84876
129.52 4.84892
129.53 4.84907
129.54 4.84922
129.55 4.84937
129.56 4.84953
129.57 4.84968
129.58 4.84983
129.59 4.84998
129.6 4.85014
129.61 4.85029
129.62 4.85044
129.63 4.85059
129.64 4.85075
129.65 4.8509
129.66 4.85105
129.67 4.8512
129.68 4.85135
129.69 4.85151
129.7 4.85166
129.71 4.85181
129.72 4.85196
129.73 4.85212
129.74 4.85227
129.75 4.85242
129.76 4.85257
129.77 4.85273
129.78 4.85288
129.79 4.85303
129.8 4.85318
129.81 4.85333
129.82 4.85349
129.83 4.85364
129.84 4.85379
129.85 4.85394
129.86 4.85409
129.87 4.85425
129.88 4.8544
129.89 4.85455
129.9 4.8547
129.91 4.85485
129.92 4.85501
129.93 4.85516
129.94 4.85531
129.95 4.85546
129.96 4.85562
129.97 4.85577
129.98 4.85592
129.99 4.85607
130 4.85622
130.01 4.85637
130.02 4.85653
130.03 4.85668
130.04 4.85683
130.05 4.85698
130.06 4.85713
130.07 4.85729
130.08 4.85744
130.09 4.85759
130.1 4.85774
130.11 4.85789
130.12 4.85805
130.13 4.8582
130.14 4.85835
130.15 4.8585
130.16 4.85865
130.17 4.8588
130.18 4.85896
130.19 4.85911
130.2 4.85926
130.21 4.85941
130.22 4.85956
130.23 4.85971
130.24 4.85987
130.25 4.86002
130.26 4.86017
130.27 4.86032
130.28 4.86047
130.29 4.86062
130.3 4.86078
130.31 4.86093
130.32 4.86108
130.33 4.86123
130.34 4.86138
130.35 4.86153
130.36 4.86168
130.37 4.86184
130.38 4.86199
130.39 4.86214
130.4 4.86229
130.41 4.86244
130.42 4.86259
130.43 4.86274
130.44 4.8629
130.45 4.86305
130.46 4.8632
130.47 4.86335
130.48 4.8635
130.49 4.86365
130.5 4.8638
130.51 4.86396
130.52 4.86411
130.53 4.86426
130.54 4.86441
130.55 4.86456
130.56 4.86471
130.57 4.86486
130.58 4.86501
130.59 4.86517
130.6 4.86532
130.61 4.86547
130.62 4.86562
130.63 4.86577
130.64 4.86592
130.65 4.86607
130.66 4.86622
130.67 4.86637
130.68 4.86653
130.69 4.86668
130.7 4.86683
130.71 4.86698
130.72 4.86713
130.73 4.86728
130.74 4.86743
130.75 4.86758
130.76 4.86773
130.77 4.86788
130.78 4.86804
130.79 4.86819
130.8 4.86834
130.81 4.86849
130.82 4.86864
130.83 4.86879
130.84 4.86894
130.85 4.86909
130.86 4.86924
130.87 4.86939
130.88 4.86954
130.89 4.8697
130.9 4.86985
130.91 4.87
130.92 4.87015
130.93 4.8703
130.94 4.87045
130.95 4.8706
130.96 4.87075
130.97 4.8709
130.98 4.87105
130.99 4.8712
131 4.87135
131.01 4.8715
131.02 4.87166
131.03 4.87181
131.04 4.87196
131.05 4.87211
131.06 4.87226
131.07 4.87241
131.08 4.87256
131.09 4.87271
131.1 4.87286
131.11 4.87301
131.12 4.87316
131.13 4.87331
131.14 4.87346
131.15 4.87361
131.16 4.87376
131.17 4.87391
131.18 4.87406
131.19 4.87421
131.2 4.87437
131.21 4.87452
131.22 4.87467
131.23 4.87482
131.24 4.87497
131.25 4.87512
131.26 4.87527
131.27 4.87542
131.28 4.87557
131.29 4.87572
131.3 4.87587
131.31 4.87602
131.32 4.87617
131.33 4.87632
131.34 4.87647
131.35 4.87662
131.36 4.87677
131.37 4.87692
131.38 4.87707
131.39 4.87722
131.4 4.87737
131.41 4.87752
131.42 4.87767
131.43 4.87782
131.44 4.87797
131.45 4.87812
131.46 4.87827
131.47 4.87842
131.48 4.87857
131.49 4.87872
131.5 4.87887
131.51 4.87902
131.52 4.87917
131.53 4.87932
131.54 4.87947
131.55 4.87962
131.56 4.87977
131.57 4.87992
131.58 4.88007
131.59 4.88022
131.6 4.88037
131.61 4.88052
131.62 4.88067
131.63 4.88082
131.64 4.88097
131.65 4.88112
131.66 4.88127
131.67 4.88142
131.68 4.88157
131.69 4.88172
131.7 4.88187
131.71 4.88202
131.72 4.88217
131.73 4.88232
131.74 4.88247
131.75 4.88262
131.76 4.88277
131.77 4.88292
131.78 4.88307
131.79 4.88322
131.8 4.88337
131.81 4.88352
131.82 4.88367
131.83 4.88382
131.84 4.88397
131.85 4.88412
131.86 4.88427
131.87 4.88442
131.88 4.88457
131.89 4.88472
131.9 4.88487
131.91 4.88502
131.92 4.88517
131.93 4.88531
131.94 4.88546
131.95 4.88561
131.96 4.88576
131.97 4.88591
131.98 4.88606
131.99 4.88621
132 4.88636
132.01 4.88651
132.02 4.88666
132.03 4.88681
132.04 4.88696
132.05 4.88711
132.06 4.88726
132.07 4.88741
132.08 4.88756
132.09 4.88771
132.1 4.88786
132.11 4.888
132.12 4.88815
132.13 4.8883
132.14 4.88845
132.15 4.8886
132.16 4.88875
132.17 4.8889
132.18 4.88905
132.19 4.8892
132.2 4.88935
132.21 4.8895
132.22 4.88965
132.23 4.8898
132.24 4.88994
132.25 4.89009
132.26 4.89024
132.27 4.89039
132.28 4.89054
132.29 4.89069
132.3 4.89084
132.31 4.89099
132.32 4.89114
132.33 4.89129
132.34 4.89144
132.35 4.89158
132.36 4.89173
132.37 4.89188
132.38 4.89203
132.39 4.89218
132.4 4.89233
132.41 4.89248
132.42 4.89263
132.43 4.89278
132.44 4.89293
132.45 4.89307
132.46 4.89322
132.47 4.89337
132.48 4.89352
132.49 4.89367
132.5 4.89382
132.51 4.89397
132.52 4.89412
132.53 4.89427
132.54 4.89441
132.55 4.89456
132.56 4.89471
132.57 4.89486
132.58 4.89501
132.59 4.89516
132.6 4.89531
132.61 4.89546
132.62 4.8956
132.63 4.89575
132.64 4.8959
132.65 4.89605
132.66 4.8962
132.67 4.89635
132.68 4.8965
132.69 4.89664
132.7 4.89679
132.71 4.89694
132.72 4.89709
132.73 4.89724
132.74 4.89739
132.75 4.89754
132.76 4.89768
132.77 4.89783
132.78 4.89798
132.79 4.89813
132.8 4.89828
132.81 4.89843
132.82 4.89858
132.83 4.89872
132.84 4.89887
132.85 4.89902
132.86 4.89917
132.87 4.89932
132.88 4.89947
132.89 4.89961
132.9 4.89976
132.91 4.89991
132.92 4.90006
132.93 4.90021
132.94 4.90036
132.95 4.9005
132.96 4.90065
132.97 4.9008
132.98 4.90095
132.99 4.9011
133 4.90125
133.01 4.90139
133.02 4.90154
133.03 4.90169
133.04 4.90184
133.05 4.90199
133.06 4.90213
133.07 4.90228
133.08 4.90243
133.09 4.90258
133.1 4.90273
133.11 4.90287
133.12 4.90302
133.13 4.90317
133.14 4.90332
133.15 4.90347
133.16 4.90362
133.17 4.90376
133.18 4.90391
133.19 4.90406
133.2 4.90421
133.21 4.90436
133.22 4.9045
133.23 4.90465
133.24 4.9048
133.25 4.90495
133.26 4.9051
133.27 4.90524
133.28 4.90539
133.29 4.90554
133.3 4.90569
133.31 4.90583
133.32 4.90598
133.33 4.90613
133.34 4.90628
133.35 4.90643
133.36 4.90657
133.37 4.90672
133.38 4.90687
133.39 4.90702
133.4 4.90716
133.41 4.90731
133.42 4.90746
133.43 4.90761
133.44 4.90776
133.45 4.9079
133.46 4.90805
133.47 4.9082
133.48 4.90835
133.49 4.90849
133.5 4.90864
133.51 4.90879
133.52 4.90894
133.53 4.90908
133.54 4.90923
133.55 4.90938
133.56 4.90953
133.57 4.90967
133.58 4.90982
133.59 4.90997
133.6 4.91012
133.61 4.91026
133.62 4.91041
133.63 4.91056
133.64 4.91071
133.65 4.91085
133.66 4.911
133.67 4.91115
133.68 4.9113
133.69 4.91144
133.7 4.91159
133.71 4.91174
133.72 4.91189
133.73 4.91203
133.74 4.91218
133.75 4.91233
133.76 4.91248
133.77 4.91262
133.78 4.91277
133.79 4.91292
133.8 4.91306
133.81 4.91321
133.82 4.91336
133.83 4.91351
133.84 4.91365
133.85 4.9138
133.86 4.91395
133.87 4.91409
133.88 4.91424
133.89 4.91439
133.9 4.91454
133.91 4.91468
133.92 4.91483
133.93 4.91498
133.94 4.91512
133.95 4.91527
133.96 4.91542
133.97 4.91557
133.98 4.91571
133.99 4.91586
134 4.91601
134.01 4.91615
134.02 4.9163
134.03 4.91645
134.04 4.91659
134.05 4.91674
134.06 4.91689
134.07 4.91704
134.08 4.91718
134.09 4.91733
134.1 4.91748
134.11 4.91762
134.12 4.91777
134.13 4.91792
134.14 4.91806
134.15 4.91821
134.16 4.91836
134.17 4.9185
134.18 4.91865
134.19 4.9188
134.2 4.91894
134.21 4.91909
134.22 4.91924
134.23 4.91938
134.24 4.91953
134.25 4.91968
134.26 4.91982
134.27 4.91997
134.28 4.92012
134.29 4.92026
134.3 4.92041
134.31 4.92056
134.32 4.9207
134.33 4.92085
134.34 4.921
134.35 4.92114
134.36 4.92129
134.37 4.92144
134.38 4.92158
134.39 4.92173
134.4 4.92188
134.41 4.92202
134.42 4.92217
134.43 4.92232
134.44 4.92246
134.45 4.92261
134.46 4.92276
134.47 4.9229
134.48 4.92305
134.49 4.9232
134.5 4.92334
134.51 4.92349
134.52 4.92363
134.53 4.92378
134.54 4.92393
134.55 4.92407
134.56 4.92422
134.57 4.92437
134.58 4.92451
134.59 4.92466
134.6 4.92481
134.61 4.92495
134.62 4.9251
134.63 4.92524
134.64 4.92539
134.65 4.92554
134.66 4.92568
134.67 4.92583
134.68 4.92598
134.69 4.92612
134.7 4.92627
134.71 4.92641
134.72 4.92656
134.73 4.92671
134.74 4.92685
134.75 4.927
134.76 4.92714
134.77 4.92729
134.78 4.92744
134.79 4.92758
134.8 4.92773
134.81 4.92787
134.82 4.92802
134.83 4.92817
134.84 4.92831
134.85 4.92846
134.86 4.9286
134.87 4.92875
134.88 4.9289
134.89 4.92904
134.9 4.92919
134.91 4.92933
134.92 4.92948
134.93 4.92963
134.94 4.92977
134.95 4.92992
134.96 4.93006
134.97 4.93021
134.98 4.93036
134.99 4.9305
135 4.93065
135.01 4.93079
135.02 4.93094
135.03 4.93108
135.04 4.93123
135.05 4.93138
135.06 4.93152
135.07 4.93167
135.08 4.93181
135.09 4.93196
135.1 4.9321
135.11 4.93225
135.12 4.9324
135.13 4.93254
135.14 4.93269
135.15 4.93283
135.16 4.93298
135.17 4.93312
135.18 4.93327
135.19 4.93341
135.2 4.93356
135.21 4.93371
135.22 4.93385
135.23 4.934
135.24 4.93414
135.25 4.93429
135.26 4.93443
135.27 4.93458
135.28 4.93472
135.29 4.93487
135.3 4.93502
135.31 4.93516
135.32 4.93531
135.33 4.93545
135.34 4.9356
135.35 4.93574
135.36 4.93589
135.37 4.93603
135.38 4.93618
135.39 4.93632
135.4 4.93647
135.41 4.93661
135.42 4.93676
135.43 4.9369
135.44 4.93705
135.45 4.9372
135.46 4.93734
135.47 4.93749
135.48 4.93763
135.49 4.93778
135.5 4.93792
135.51 4.93807
135.52 4.93821
135.53 4.93836
135.54 4.9385
135.55 4.93865
135.56 4.93879
135.57 4.93894
135.58 4.93908
135.59 4.93923
135.6 4.93937
135.61 4.93952
135.62 4.93966
135.63 4.93981
135.64 4.93995
135.65 4.9401
135.66 4.94024
135.67 4.94039
135.68 4.94053
135.69 4.94068
135.7 4.94082
135.71 4.94097
135.72 4.94111
135.73 4.94126
135.74 4.9414
135.75 4.94155
135.76 4.94169
135.77 4.94184
135.78 4.94198
135.79 4.94213
135.8 4.94227
135.81 4.94242
135.82 4.94256
135.83 4.94271
135.84 4.94285
135.85 4.943
135.86 4.94314
135.87 4.94329
135.88 4.94343
135.89 4.94357
135.9 4.94372
135.91 4.94386
135.92 4.94401
135.93 4.94415
135.94 4.9443
135.95 4.94444
135.96 4.94459
135.97 4.94473
135.98 4.94488
135.99 4.94502
136 4.94517
136.01 4.94531
136.02 4.94546
136.03 4.9456
136.04 4.94574
136.05 4.94589
136.06 4.94603
136.07 4.94618
136.08 4.94632
136.09 4.94647
136.1 4.94661
136.11 4.94676
136.12 4.9469
136.13 4.94704
136.14 4.94719
136.15 4.94733
136.16 4.94748
136.17 4.94762
136.18 4.94777
136.19 4.94791
136.2 4.94806
136.21 4.9482
136.22 4.94834
136.23 4.94849
136.24 4.94863
136.25 4.94878
136.26 4.94892
136.27 4.94907
136.28 4.94921
136.29 4.94935
136.3 4.9495
136.31 4.94964
136.32 4.94979
136.33 4.94993
136.34 4.95007
136.35 4.95022
136.36 4.95036
136.37 4.95051
136.38 4.95065
136.39 4.9508
136.4 4.95094
136.41 4.95108
136.42 4.95123
136.43 4.95137
136.44 4.95152
136.45 4.95166
136.46 4.9518
136.47 4.95195
136.48 4.95209
136.49 4.95224
136.5 4.95238
136.51 4.95252
136.52 4.95267
136.53 4.95281
136.54 4.95296
136.55 4.9531
136.56 4.95324
136.57 4.95339
136.58 4.95353
136.59 4.95368
136.6 4.95382
136.61 4.95396
136.62 4.95411
136.63 4.95425
136.64 4.95439
136.65 4.95454
136.66 4.95468
136.67 4.95483
136.68 4.95497
136.69 4.95511
136.7 4.95526
136.71 4.9554
136.72 4.95555
136.73 4.95569
136.74 4.95583
136.75 4.95598
136.76 4.95612
136.77 4.95626
136.78 4.95641
136.79 4.95655
136.8 4.95669
136.81 4.95684
136.82 4.95698
136.83 4.95713
136.84 4.95727
136.85 4.95741
136.86 4.95756
136.87 4.9577
136.88 4.95784
136.89 4.95799
136.9 4.95813
136.91 4.95827
136.92 4.95842
136.93 4.95856
136.94 4.9587
136.95 4.95885
136.96 4.95899
136.97 4.95913
136.98 4.95928
136.99 4.95942
137 4.95956
137.01 4.95971
137.02 4.95985
137.03 4.95999
137.04 4.96014
137.05 4.96028
137.06 4.96042
137.07 4.96057
137.08 4.96071
137.09 4.96085
137.1 4.961
137.11 4.96114
137.12 4.96128
137.13 4.96143
137.14 4.96157
137.15 4.96171
137.16 4.96186
137.17 4.962
137.18 4.96214
137.19 4.96229
137.2 4.96243
137.21 4.96257
137.22 4.96272
137.23 4.96286
137.24 4.963
137.25 4.96315
137.26 4.96329
137.27 4.96343
137.28 4.96357
137.29 4.96372
137.3 4.96386
137.31 4.964
137.32 4.96415
137.33 4.96429
137.34 4.96443
137.35 4.96458
137.36 4.96472
137.37 4.96486
137.38 4.965
137.39 4.96515
137.4 4.96529
137.41 4.96543
137.42 4.96558
137.43 4.96572
137.44 4.96586
137.45 4.96601
137.46 4.96615
137.47 4.96629
137.48 4.96643
137.49 4.96658
137.5 4.96672
137.51 4.96686
137.52 4.967
137.53 4.96715
137.54 4.96729
137.55 4.96743
137.56 4.96758
137.57 4.96772
137.58 4.96786
137.59 4.968
137.6 4.96815
137.61 4.96829
137.62 4.96843
137.63 4.96857
137.64 4.96872
137.65 4.96886
137.66 4.969
137.67 4.96915
137.68 4.96929
137.69 4.96943
137.7 4.96957
137.71 4.96972
137.72 4.96986
137.73 4.97
137.74 4.97014
137.75 4.97029
137.76 4.97043
137.77 4.97057
137.78 4.97071
137.79 4.97086
137.8 4.971
137.81 4.97114
137.82 4.97128
137.83 4.97142
137.84 4.97157
137.85 4.97171
137.86 4.97185
137.87 4.97199
137.88 4.97214
137.89 4.97228
137.9 4.97242
137.91 4.97256
137.92 4.97271
137.93 4.97285
137.94 4.97299
137.95 4.97313
137.96 4.97328
137.97 4.97342
137.98 4.97356
137.99 4.9737
138 4.97384
138.01 4.97399
138.02 4.97413
138.03 4.97427
138.04 4.97441
138.05 4.97455
138.06 4.9747
138.07 4.97484
138.08 4.97498
138.09 4.97512
138.1 4.97527
138.11 4.97541
138.12 4.97555
138.13 4.97569
138.14 4.97583
138.15 4.97598
138.16 4.97612
138.17 4.97626
138.18 4.9764
138.19 4.97654
138.2 4.97669
138.21 4.97683
138.22 4.97697
138.23 4.97711
138.24 4.97725
138.25 4.9774
138.26 4.97754
138.27 4.97768
138.28 4.97782
138.29 4.97796
138.3 4.9781
138.31 4.97825
138.32 4.97839
138.33 4.97853
138.34 4.97867
138.35 4.97881
138.36 4.97896
138.37 4.9791
138.38 4.97924
138.39 4.97938
138.4 4.97952
138.41 4.97966
138.42 4.97981
138.43 4.97995
138.44 4.98009
138.45 4.98023
138.46 4.98037
138.47 4.98051
138.48 4.98066
138.49 4.9808
138.5 4.98094
138.51 4.98108
138.52 4.98122
138.53 4.98136
138.54 4.98151
138.55 4.98165
138.56 4.98179
138.57 4.98193
138.58 4.98207
138.59 4.98221
138.6 4.98235
138.61 4.9825
138.62 4.98264
138.63 4.98278
138.64 4.98292
138.65 4.98306
138.66 4.9832
138.67 4.98334
138.68 4.98349
138.69 4.98363
138.7 4.98377
138.71 4.98391
138.72 4.98405
138.73 4.98419
138.74 4.98433
138.75 4.98448
138.76 4.98462
138.77 4.98476
138.78 4.9849
138.79 4.98504
138.8 4.98518
138.81 4.98532
138.82 4.98546
138.83 4.98561
138.84 4.98575
138.85 4.98589
138.86 4.98603
138.87 4.98617
138.88 4.98631
138.89 4.98645
138.9 4.98659
138.91 4.98673
138.92 4.98688
138.93 4.98702
138.94 4.98716
138.95 4.9873
138.96 4.98744
138.97 4.98758
138.98 4.98772
138.99 4.98786
139 4.988
139.01 4.98815
139.02 4.98829
139.03 4.98843
139.04 4.98857
139.05 4.98871
139.06 4.98885
139.07 4.98899
139.08 4.98913
139.09 4.98927
139.1 4.98941
139.11 4.98955
139.12 4.9897
139.13 4.98984
139.14 4.98998
139.15 4.99012
139.16 4.99026
139.17 4.9904
139.18 4.99054
139.19 4.99068
139.2 4.99082
139.21 4.99096
139.22 4.9911
139.23 4.99124
139.24 4.99139
139.25 4.99153
139.26 4.99167
139.27 4.99181
139.28 4.99195
139.29 4.99209
139.3 4.99223
139.31 4.99237
139.32 4.99251
139.33 4.99265
139.34 4.99279
139.35 4.99293
139.36 4.99307
139.37 4.99321
139.38 4.99335
139.39 4.99349
139.4 4.99364
139.41 4.99378
139.42 4.99392
139.43 4.99406
139.44 4.9942
139.45 4.99434
139.46 4.99448
139.47 4.99462
139.48 4.99476
139.49 4.9949
139.5 4.99504
139.51 4.99518
139.52 4.99532
139.53 4.99546
139.54 4.9956
139.55 4.99574
139.56 4.99588
139.57 4.99602
139.58 4.99616
139.59 4.9963
139.6 4.99644
139.61 4.99658
139.62 4.99672
139.63 4.99686
139.64 4.99701
139.65 4.99715
139.66 4.99729
139.67 4.99743
139.68 4.99757
139.69 4.99771
139.7 4.99785
139.71 4.99799
139.72 4.99813
139.73 4.99827
139.74 4.99841
139.75 4.99855
139.76 4.99869
139.77 4.99883
139.78 4.99897
139.79 4.99911
139.8 4.99925
139.81 4.99939
139.82 4.99953
139.83 4.99967
139.84 4.99981
139.85 4.99995
139.86 5.00009
